LSOA_Code,LSOA_Name
E01000001,City of London 001A
E01000002,City of London 001B
E01000003,City of London 001C
E01000005,City of London 001E
E01000006,Barking and Dagenham 016A
E01000007,Barking and Dagenham 015A
E01000008,Barking and Dagenham 015B
E01000009,Barking and Dagenham 016B
E01000010,Barking and Dagenham 015C
E01000011,Barking and Dagenham 016C
E01000012,Barking and Dagenham 015D
E01000013,Barking and Dagenham 013A
E01000014,Barking and Dagenham 013B
E01000015,Barking and Dagenham 009A
E01000016,Barking and Dagenham 009B
E01000017,Barking and Dagenham 009C
E01000018,Barking and Dagenham 009D
E01000019,Barking and Dagenham 023A
E01000020,Barking and Dagenham 023B
E01000021,Barking and Dagenham 008A
E01000022,Barking and Dagenham 008B
E01000023,Barking and Dagenham 008C
E01000024,Barking and Dagenham 008D
E01000025,Barking and Dagenham 008E
E01000027,Barking and Dagenham 001A
E01000028,Barking and Dagenham 001B
E01000029,Barking and Dagenham 001C
E01000030,Barking and Dagenham 001D
E01000031,Barking and Dagenham 002A
E01000032,Barking and Dagenham 002B
E01000033,Barking and Dagenham 006A
E01000034,Barking and Dagenham 003A
E01000035,Barking and Dagenham 010A
E01000036,Barking and Dagenham 010B
E01000037,Barking and Dagenham 003B
E01000038,Barking and Dagenham 003C
E01000039,Barking and Dagenham 003D
E01000040,Barking and Dagenham 019A
E01000041,Barking and Dagenham 017A
E01000042,Barking and Dagenham 017B
E01000043,Barking and Dagenham 019B
E01000044,Barking and Dagenham 016D
E01000045,Barking and Dagenham 017C
E01000046,Barking and Dagenham 017D
E01000048,Barking and Dagenham 021B
E01000049,Barking and Dagenham 021C
E01000050,Barking and Dagenham 019C
E01000051,Barking and Dagenham 021D
E01000052,Barking and Dagenham 019D
E01000053,Barking and Dagenham 020A
E01000054,Barking and Dagenham 018A
E01000055,Barking and Dagenham 018B
E01000056,Barking and Dagenham 018C
E01000057,Barking and Dagenham 012A
E01000058,Barking and Dagenham 018D
E01000059,Barking and Dagenham 013C
E01000060,Barking and Dagenham 006B
E01000061,Barking and Dagenham 006C
E01000062,Barking and Dagenham 006D
E01000063,Barking and Dagenham 004A
E01000064,Barking and Dagenham 006E
E01000065,Barking and Dagenham 007A
E01000066,Barking and Dagenham 011A
E01000067,Barking and Dagenham 011B
E01000068,Barking and Dagenham 016E
E01000069,Barking and Dagenham 011C
E01000070,Barking and Dagenham 011D
E01000071,Barking and Dagenham 011E
E01000072,Barking and Dagenham 017E
E01000073,Barking and Dagenham 012B
E01000074,Barking and Dagenham 012C
E01000075,Barking and Dagenham 012D
E01000076,Barking and Dagenham 012E
E01000077,Barking and Dagenham 008F
E01000078,Barking and Dagenham 007B
E01000079,Barking and Dagenham 009E
E01000080,Barking and Dagenham 007C
E01000081,Barking and Dagenham 007D
E01000082,Barking and Dagenham 007E
E01000083,Barking and Dagenham 007F
E01000084,Barking and Dagenham 013D
E01000085,Barking and Dagenham 013E
E01000086,Barking and Dagenham 013F
E01000087,Barking and Dagenham 020B
E01000088,Barking and Dagenham 020C
E01000089,Barking and Dagenham 020D
E01000090,Barking and Dagenham 020E
E01000091,Barking and Dagenham 022A
E01000092,Barking and Dagenham 019E
E01000093,Barking and Dagenham 022B
E01000094,Barking and Dagenham 022C
E01000095,Barking and Dagenham 018E
E01000096,Barking and Dagenham 022D
E01000097,Barking and Dagenham 023C
E01000098,Barking and Dagenham 023D
E01000099,Barking and Dagenham 023E
E01000100,Barking and Dagenham 004B
E01000101,Barking and Dagenham 004C
E01000102,Barking and Dagenham 007G
E01000103,Barking and Dagenham 014A
E01000104,Barking and Dagenham 014B
E01000105,Barking and Dagenham 014C
E01000106,Barking and Dagenham 014D
E01000107,Barking and Dagenham 010C
E01000108,Barking and Dagenham 010D
E01000109,Barking and Dagenham 004D
E01000110,Barking and Dagenham 002C
E01000111,Barking and Dagenham 002D
E01000112,Barking and Dagenham 002E
E01000113,Barking and Dagenham 002F
E01000114,Barking and Dagenham 004E
E01000115,Barnet 009A
E01000116,Barnet 009B
E01000117,Barnet 010A
E01000118,Barnet 010B
E01000119,Barnet 009C
E01000120,Barnet 009D
E01000121,Barnet 010C
E01000122,Barnet 009E
E01000123,Barnet 010D
E01000124,Barnet 010E
E01000125,Barnet 024A
E01000126,Barnet 026A
E01000127,Barnet 024B
E01000128,Barnet 024C
E01000129,Barnet 024D
E01000130,Barnet 021A
E01000131,Barnet 024E
E01000132,Barnet 021B
E01000133,Barnet 021C
E01000134,Barnet 024F
E01000135,Barnet 038A
E01000136,Barnet 038B
E01000137,Barnet 041A
E01000138,Barnet 040A
E01000139,Barnet 041B
E01000140,Barnet 041C
E01000141,Barnet 039A
E01000142,Barnet 040B
E01000143,Barnet 041D
E01000144,Barnet 038C
E01000145,Barnet 037A
E01000146,Barnet 038D
E01000147,Barnet 030A
E01000148,Barnet 030B
E01000150,Barnet 036A
E01000151,Barnet 026B
E01000152,Barnet 026C
E01000153,Barnet 026D
E01000154,Barnet 026E
E01000155,Barnet 030D
E01000156,Barnet 022A
E01000157,Barnet 022B
E01000158,Barnet 015A
E01000159,Barnet 015B
E01000160,Barnet 015C
E01000161,Barnet 015D
E01000162,Barnet 015E
E01000163,Barnet 022C
E01000164,Barnet 022D
E01000165,Barnet 022E
E01000166,Barnet 003A
E01000167,Barnet 002A
E01000168,Barnet 003B
E01000169,Barnet 003C
E01000170,Barnet 006A
E01000171,Barnet 006B
E01000172,Barnet 003D
E01000173,Barnet 006C
E01000174,Barnet 006D
E01000175,Barnet 006E
E01000176,Barnet 027A
E01000177,Barnet 029A
E01000178,Barnet 027B
E01000179,Barnet 029B
E01000180,Barnet 029C
E01000181,Barnet 029D
E01000182,Barnet 029E
E01000183,Barnet 033A
E01000184,Barnet 027C
E01000185,Barnet 029F
E01000186,Barnet 014A
E01000187,Barnet 014B
E01000188,Barnet 014C
E01000189,Barnet 014D
E01000190,Barnet 014E
E01000191,Barnet 014F
E01000192,Barnet 018A
E01000193,Barnet 018B
E01000194,Barnet 018C
E01000195,Barnet 013A
E01000196,Barnet 028A
E01000197,Barnet 023A
E01000198,Barnet 025A
E01000199,Barnet 025B
E01000200,Barnet 028B
E01000201,Barnet 028C
E01000202,Barnet 028D
E01000203,Barnet 028E
E01000204,Barnet 025C
E01000205,Barnet 035A
E01000206,Barnet 033B
E01000207,Barnet 033C
E01000208,Barnet 033D
E01000209,Barnet 035B
E01000210,Barnet 033E
E01000211,Barnet 035C
E01000212,Barnet 035D
E01000213,Barnet 033F
E01000214,Barnet 038E
E01000215,Barnet 037B
E01000216,Barnet 035E
E01000217,Barnet 035F
E01000218,Barnet 037C
E01000219,Barnet 037D
E01000220,Barnet 037E
E01000221,Barnet 039B
E01000222,Barnet 040C
E01000223,Barnet 039C
E01000224,Barnet 040D
E01000225,Barnet 037F
E01000226,Barnet 018D
E01000227,Barnet 018E
E01000228,Barnet 007A
E01000229,Barnet 013B
E01000230,Barnet 013C
E01000231,Barnet 013D
E01000232,Barnet 013E
E01000233,Barnet 013F
E01000234,Barnet 021D
E01000235,Barnet 021E
E01000236,Barnet 034A
E01000237,Barnet 032A
E01000238,Barnet 034B
E01000239,Barnet 031A
E01000240,Barnet 031B
E01000241,Barnet 031C
E01000242,Barnet 032B
E01000243,Barnet 032C
E01000244,Barnet 032D
E01000245,Barnet 032E
E01000246,Barnet 002B
E01000247,Barnet 002C
E01000248,Barnet 001A
E01000249,Barnet 001B
E01000250,Barnet 001C
E01000251,Barnet 002D
E01000252,Barnet 002E
E01000253,Barnet 007B
E01000254,Barnet 001D
E01000255,Barnet 017A
E01000256,Barnet 016A
E01000257,Barnet 017B
E01000258,Barnet 016B
E01000259,Barnet 025D
E01000260,Barnet 025E
E01000261,Barnet 017C
E01000262,Barnet 017D
E01000263,Barnet 016C
E01000264,Barnet 016D
E01000265,Barnet 011A
E01000266,Barnet 011B
E01000267,Barnet 005A
E01000268,Barnet 005B
E01000269,Barnet 005C
E01000270,Barnet 005D
E01000271,Barnet 008A
E01000272,Barnet 008B
E01000273,Barnet 008C
E01000274,Barnet 011C
E01000275,Barnet 012A
E01000276,Barnet 020A
E01000277,Barnet 012B
E01000278,Barnet 020B
E01000279,Barnet 007C
E01000280,Barnet 007D
E01000281,Barnet 008D
E01000282,Barnet 008E
E01000283,Barnet 012C
E01000284,Barnet 012D
E01000285,Barnet 004A
E01000286,Barnet 007E
E01000287,Barnet 004B
E01000288,Barnet 004C
E01000289,Barnet 004D
E01000290,Barnet 007F
E01000291,Barnet 004E
E01000292,Barnet 001E
E01000293,Barnet 001F
E01000294,Barnet 004F
E01000295,Barnet 023B
E01000296,Barnet 023C
E01000297,Barnet 027D
E01000298,Barnet 023D
E01000299,Barnet 019A
E01000300,Barnet 019B
E01000301,Barnet 020C
E01000302,Barnet 019C
E01000303,Barnet 020D
E01000304,Barnet 020E
E01000305,Barnet 036B
E01000306,Barnet 036C
E01000307,Barnet 039D
E01000308,Barnet 036D
E01000309,Barnet 031D
E01000310,Barnet 034C
E01000311,Barnet 034D
E01000312,Barnet 036E
E01000313,Barnet 036F
E01000314,Barnet 032F
E01000315,Barnet 022F
E01000316,Barnet 027E
E01000317,Barnet 019D
E01000318,Barnet 019E
E01000319,Barnet 027F
E01000320,Barnet 011D
E01000321,Barnet 012E
E01000322,Barnet 011E
E01000323,Barnet 019F
E01000324,Barnet 015F
E01000325,Bexley 014A
E01000326,Bexley 014B
E01000327,Bexley 017A
E01000328,Bexley 017B
E01000329,Bexley 017C
E01000330,Bexley 017D
E01000331,Bexley 017E
E01000332,Bexley 005A
E01000333,Bexley 003A
E01000334,Bexley 006A
E01000335,Bexley 003B
E01000336,Bexley 003C
E01000337,Bexley 003D
E01000338,Bexley 003E
E01000339,Bexley 025A
E01000340,Bexley 018A
E01000341,Bexley 022A
E01000342,Bexley 022B
E01000343,Bexley 022C
E01000344,Bexley 025B
E01000345,Bexley 022D
E01000346,Bexley 021A
E01000347,Bexley 021B
E01000348,Bexley 020A
E01000349,Bexley 020B
E01000350,Bexley 021C
E01000351,Bexley 024A
E01000352,Bexley 021D
E01000353,Bexley 011A
E01000354,Bexley 011B
E01000355,Bexley 011C
E01000356,Bexley 009A
E01000357,Bexley 009B
E01000358,Bexley 011D
E01000359,Bexley 009C
E01000360,Bexley 015A
E01000361,Bexley 020C
E01000362,Bexley 015B
E01000363,Bexley 020D
E01000364,Bexley 023A
E01000365,Bexley 015C
E01000366,Bexley 015D
E01000367,Bexley 010A
E01000368,Bexley 010B
E01000369,Bexley 014C
E01000370,Bexley 014D
E01000371,Bexley 014E
E01000372,Bexley 010C
E01000373,Bexley 008A
E01000374,Bexley 019A
E01000375,Bexley 019B
E01000376,Bexley 019C
E01000377,Bexley 019D
E01000378,Bexley 019E
E01000379,Bexley 019F
E01000380,Bexley 010D
E01000381,Bexley 028A
E01000382,Bexley 027A
E01000383,Bexley 028B
E01000384,Bexley 027B
E01000385,Bexley 028C
E01000386,Bexley 028D
E01000387,Bexley 027C
E01000388,Bexley 016A
E01000389,Bexley 020E
E01000390,Bexley 020F
E01000391,Bexley 021E
E01000392,Bexley 016B
E01000393,Bexley 020G
E01000394,Bexley 015E
E01000395,Bexley 018B
E01000396,Bexley 018C
E01000398,Bexley 029A
E01000399,Bexley 029B
E01000400,Bexley 029C
E01000401,Bexley 013A
E01000402,Bexley 005B
E01000403,Bexley 004A
E01000404,Bexley 004B
E01000405,Bexley 004C
E01000406,Bexley 005C
E01000407,Bexley 005D
E01000408,Bexley 004D
E01000409,Bexley 016C
E01000410,Bexley 018D
E01000411,Bexley 016D
E01000412,Bexley 018E
E01000413,Bexley 018F
E01000414,Bexley 016E
E01000415,Bexley 016F
E01000416,Bexley 002A
E01000417,Bexley 006B
E01000418,Bexley 002B
E01000419,Bexley 006C
E01000420,Bexley 006D
E01000421,Bexley 009D
E01000422,Bexley 002C
E01000423,Bexley 025C
E01000424,Bexley 026A
E01000425,Bexley 025D
E01000426,Bexley 026B
E01000427,Bexley 026C
E01000428,Bexley 027D
E01000429,Bexley 008B
E01000430,Bexley 008C
E01000431,Bexley 008D
E01000432,Bexley 008E
E01000433,Bexley 008F
E01000434,Bexley 008G
E01000435,Bexley 010E
E01000436,Bexley 011E
E01000437,Bexley 007A
E01000438,Bexley 007B
E01000439,Bexley 007C
E01000440,Bexley 007D
E01000441,Bexley 007E
E01000442,Bexley 006E
E01000443,Bexley 024B
E01000444,Bexley 023B
E01000445,Bexley 024C
E01000446,Bexley 024D
E01000447,Bexley 023C
E01000448,Bexley 023D
E01000449,Bexley 023E
E01000450,Bexley 009E
E01000451,Bexley 009F
E01000452,Bexley 009G
E01000453,Bexley 013B
E01000454,Bexley 013C
E01000455,Bexley 013D
E01000456,Bexley 013E
E01000457,Bexley 026D
E01000458,Bexley 027E
E01000459,Bexley 027F
E01000460,Bexley 022E
E01000461,Bexley 024E
E01000462,Bexley 026E
E01000463,Bexley 025E
E01000464,Bexley 002D
E01000465,Bexley 002E
E01000466,Bexley 001A
E01000467,Bexley 001B
E01000468,Bexley 001C
E01000469,Bexley 001D
E01000470,Bexley 002F
E01000471,Brent 026A
E01000472,Brent 029A
E01000473,Brent 029B
E01000474,Brent 026B
E01000475,Brent 029C
E01000476,Brent 026C
E01000477,Brent 026D
E01000478,Brent 029D
E01000479,Brent 009A
E01000480,Brent 006A
E01000481,Brent 009B
E01000482,Brent 009C
E01000483,Brent 009D
E01000484,Brent 006B
E01000485,Brent 006C
E01000486,Brent 006D
E01000487,Brent 006E
E01000488,Brent 022A
E01000489,Brent 030A
E01000490,Brent 023A
E01000491,Brent 030B
E01000492,Brent 030C
E01000493,Brent 030D
E01000494,Brent 023B
E01000495,Brent 023C
E01000497,Brent 011A
E01000498,Brent 010B
E01000499,Brent 011B
E01000501,Brent 011C
E01000502,Brent 011D
E01000503,Brent 011E
E01000504,Brent 018A
E01000505,Brent 018B
E01000506,Brent 014A
E01000507,Brent 018C
E01000508,Brent 025A
E01000509,Brent 014B
E01000510,Brent 014C
E01000511,Brent 014D
E01000512,Brent 018D
E01000513,Brent 002A
E01000514,Brent 002B
E01000515,Brent 003A
E01000516,Brent 002C
E01000517,Brent 003B
E01000518,Brent 005A
E01000519,Brent 005B
E01000520,Brent 002D
E01000521,Brent 025B
E01000522,Brent 025C
E01000523,Brent 031A
E01000524,Brent 031B
E01000525,Brent 031C
E01000526,Brent 025D
E01000527,Brent 025E
E01000528,Brent 025F
E01000530,Brent 033A
E01000531,Brent 033B
E01000532,Brent 033C
E01000533,Brent 031E
E01000534,Brent 033D
E01000535,Brent 031F
E01000536,Brent 004A
E01000538,Brent 004B
E01000539,Brent 004C
E01000540,Brent 004D
E01000541,Brent 004E
E01000543,Brent 003E
E01000544,Brent 034A
E01000545,Brent 028A
E01000546,Brent 028B
E01000547,Brent 028C
E01000548,Brent 028D
E01000549,Brent 028E
E01000550,Brent 034B
E01000551,Brent 034C
E01000552,Brent 034D
E01000553,Brent 015A
E01000554,Brent 015B
E01000555,Brent 015C
E01000556,Brent 015D
E01000557,Brent 015E
E01000558,Brent 015F
E01000559,Brent 018E
E01000560,Brent 023D
E01000561,Brent 023E
E01000562,Brent 008A
E01000563,Brent 008B
E01000564,Brent 013A
E01000565,Brent 013B
E01000566,Brent 008C
E01000567,Brent 016A
E01000568,Brent 008D
E01000569,Brent 008E
E01000570,Brent 012A
E01000571,Brent 012B
E01000572,Brent 007A
E01000573,Brent 007B
E01000574,Brent 007C
E01000575,Brent 007D
E01000576,Brent 012C
E01000577,Brent 007E
E01000578,Brent 012D
E01000579,Brent 032A
E01000580,Brent 032B
E01000581,Brent 030E
E01000582,Brent 032C
E01000583,Brent 032D
E01000584,Brent 033E
E01000585,Brent 033F
E01000586,Brent 032E
E01000587,Brent 001A
E01000588,Brent 002E
E01000589,Brent 001B
E01000590,Brent 001C
E01000591,Brent 003F
E01000592,Brent 001D
E01000593,Brent 001E
E01000594,Brent 001F
E01000595,Brent 027A
E01000596,Brent 021A
E01000599,Brent 027D
E01000600,Brent 027E
E01000601,Brent 021B
E01000602,Brent 021C
E01000603,Brent 021D
E01000604,Brent 021E
E01000605,Brent 021F
E01000606,Brent 016B
E01000607,Brent 013C
E01000608,Brent 013D
E01000609,Brent 016C
E01000610,Brent 019A
E01000611,Brent 016D
E01000612,Brent 019B
E01000613,Brent 013E
E01000615,Brent 017B
E01000616,Brent 020A
E01000617,Brent 017C
E01000618,Brent 017D
E01000619,Brent 017E
E01000620,Brent 020B
E01000621,Brent 020C
E01000622,Brent 010D
E01000623,Brent 005C
E01000624,Brent 005D
E01000625,Brent 009E
E01000626,Brent 010E
E01000627,Brent 014E
E01000628,Brent 014F
E01000629,Brent 005E
E01000630,Brent 026E
E01000631,Brent 019C
E01000632,Brent 029E
E01000633,Brent 019D
E01000634,Brent 019E
E01000635,Brent 020D
E01000636,Brent 020E
E01000637,Brent 022B
E01000638,Brent 024A
E01000639,Brent 022C
E01000640,Brent 024B
E01000641,Brent 024C
E01000642,Brent 022D
E01000643,Brent 024D
E01000644,Brent 022E
E01000645,Bromley 007A
E01000646,Bromley 016A
E01000647,Bromley 016B
E01000648,Bromley 016C
E01000649,Bromley 007B
E01000650,Bromley 022A
E01000651,Bromley 020A
E01000652,Bromley 022B
E01000653,Bromley 016D
E01000654,Bromley 039A
E01000655,Bromley 039B
E01000656,Bromley 039C
E01000657,Bromley 039D
E01000658,Bromley 042A
E01000659,Bromley 039E
E01000661,Bromley 026A
E01000662,Bromley 026B
E01000663,Bromley 026C
E01000664,Bromley 026D
E01000665,Bromley 033A
E01000666,Bromley 033B
E01000667,Bromley 033C
E01000668,Bromley 020B
E01000669,Bromley 020C
E01000670,Bromley 018A
E01000671,Bromley 020D
E01000672,Bromley 011A
E01000673,Bromley 011B
E01000674,Bromley 008A
E01000675,Bromley 018B
E01000676,Bromley 008B
E01000677,Bromley 018C
E01000678,Bromley 016E
E01000679,Bromley 020E
E01000680,Bromley 037A
E01000681,Bromley 035A
E01000682,Bromley 035B
E01000683,Bromley 035C
E01000684,Bromley 035D
E01000685,Bromley 037B
E01000686,Bromley 037C
E01000687,Bromley 037D
E01000688,Bromley 037E
E01000689,Bromley 002A
E01000690,Bromley 002B
E01000691,Bromley 002C
E01000692,Bromley 002D
E01000693,Bromley 010A
E01000694,Bromley 007C
E01000695,Bromley 007D
E01000696,Bromley 007E
E01000697,Bromley 007F
E01000698,Bromley 010B
E01000699,Bromley 015A
E01000700,Bromley 013A
E01000701,Bromley 015B
E01000702,Bromley 013B
E01000703,Bromley 013C
E01000704,Bromley 015C
E01000705,Bromley 015D
E01000706,Bromley 013D
E01000707,Bromley 041A
E01000708,Bromley 041B
E01000709,Bromley 006A
E01000710,Bromley 006B
E01000711,Bromley 006C
E01000712,Bromley 012A
E01000713,Bromley 012B
E01000714,Bromley 006D
E01000715,Bromley 012C
E01000716,Bromley 011C
E01000717,Bromley 011D
E01000718,Bromley 006E
E01000719,Bromley 019A
E01000720,Bromley 019B
E01000721,Bromley 019C
E01000722,Bromley 023A
E01000723,Bromley 029A
E01000724,Bromley 019D
E01000725,Bromley 023B
E01000726,Bromley 029B
E01000727,Bromley 028A
E01000728,Bromley 019E
E01000729,Bromley 014A
E01000730,Bromley 014B
E01000731,Bromley 023C
E01000732,Bromley 023D
E01000733,Bromley 023E
E01000734,Bromley 028B
E01000735,Bromley 014C
E01000736,Bromley 010C
E01000737,Bromley 010D
E01000738,Bromley 014D
E01000739,Bromley 014E
E01000740,Bromley 005A
E01000741,Bromley 005B
E01000742,Bromley 005C
E01000743,Bromley 009A
E01000744,Bromley 009B
E01000745,Bromley 005D
E01000746,Bromley 005E
E01000747,Bromley 042B
E01000748,Bromley 042C
E01000749,Bromley 036A
E01000750,Bromley 036B
E01000751,Bromley 036C
E01000752,Bromley 036D
E01000753,Bromley 031A
E01000754,Bromley 031B
E01000755,Bromley 031C
E01000756,Bromley 033D
E01000757,Bromley 031D
E01000758,Bromley 031E
E01000759,Bromley 034A
E01000760,Bromley 034B
E01000761,Bromley 034C
E01000762,Bromley 018D
E01000763,Bromley 027A
E01000764,Bromley 027B
E01000765,Bromley 034D
E01000766,Bromley 027C
E01000767,Bromley 027D
E01000768,Bromley 034E
E01000769,Bromley 024A
E01000770,Bromley 012D
E01000771,Bromley 041C
E01000772,Bromley 012E
E01000773,Bromley 024B
E01000774,Bromley 041D
E01000775,Bromley 024C
E01000777,Bromley 024D
E01000778,Bromley 024E
E01000779,Bromley 001A
E01000780,Bromley 001B
E01000781,Bromley 001C
E01000782,Bromley 001D
E01000783,Bromley 001E
E01000784,Bromley 002E
E01000785,Bromley 001F
E01000786,Bromley 032A
E01000787,Bromley 029C
E01000788,Bromley 029D
E01000789,Bromley 032B
E01000790,Bromley 028C
E01000791,Bromley 029E
E01000792,Bromley 032C
E01000793,Bromley 032D
E01000794,Bromley 035E
E01000795,Bromley 032E
E01000796,Bromley 009C
E01000797,Bromley 013E
E01000798,Bromley 009D
E01000799,Bromley 004A
E01000800,Bromley 009E
E01000801,Bromley 015E
E01000802,Bromley 004B
E01000803,Bromley 004C
E01000804,Bromley 004D
E01000805,Bromley 004E
E01000806,Bromley 009F
E01000807,Bromley 022C
E01000808,Bromley 025A
E01000809,Bromley 022D
E01000810,Bromley 025B
E01000811,Bromley 025C
E01000812,Bromley 028D
E01000813,Bromley 025D
E01000814,Bromley 028E
E01000815,Bromley 025E
E01000816,Bromley 040A
E01000818,Bromley 040B
E01000819,Bromley 040C
E01000820,Bromley 008C
E01000822,Bromley 008D
E01000823,Bromley 008E
E01000824,Bromley 008F
E01000825,Bromley 008G
E01000826,Bromley 021A
E01000827,Bromley 021B
E01000828,Bromley 011E
E01000829,Bromley 018E
E01000830,Bromley 021C
E01000831,Bromley 021D
E01000832,Bromley 030A
E01000833,Bromley 021E
E01000834,Bromley 027E
E01000835,Bromley 030B
E01000836,Bromley 030C
E01000837,Bromley 030D
E01000838,Bromley 030E
E01000839,Bromley 030F
E01000840,Bromley 030G
E01000841,Bromley 030H
E01000842,Camden 011A
E01000843,Camden 014A
E01000844,Camden 011B
E01000845,Camden 014B
E01000846,Camden 014C
E01000847,Camden 014D
E01000848,Camden 011C
E01000849,Camden 011D
E01000850,Camden 026A
E01000851,Camden 026B
E01000852,Camden 026C
E01000853,Camden 025A
E01000854,Camden 026D
E01000855,Camden 028A
E01000856,Camden 019A
E01000857,Camden 018A
E01000858,Camden 018B
E01000859,Camden 018C
E01000860,Camden 018D
E01000861,Camden 019B
E01000862,Camden 018E
E01000863,Camden 021A
E01000864,Camden 015A
E01000865,Camden 015B
E01000866,Camden 009A
E01000867,Camden 015C
E01000868,Camden 015D
E01000869,Camden 015E
E01000870,Camden 009B
E01000871,Camden 005A
E01000872,Camden 005B
E01000873,Camden 005C
E01000874,Camden 005D
E01000875,Camden 013A
E01000876,Camden 013B
E01000877,Camden 005E
E01000878,Camden 004A
E01000879,Camden 004B
E01000880,Camden 004C
E01000881,Camden 008A
E01000882,Camden 008B
E01000883,Camden 008C
E01000884,Camden 004D
E01000885,Camden 004E
E01000886,Camden 006A
E01000887,Camden 006B
E01000888,Camden 006C
E01000889,Camden 007A
E01000890,Camden 007B
E01000891,Camden 007C
E01000892,Camden 006D
E01000893,Camden 002A
E01000894,Camden 002B
E01000895,Camden 002C
E01000896,Camden 002D
E01000897,Camden 008D
E01000898,Camden 008E
E01000899,Camden 002E
E01000900,Camden 012A
E01000901,Camden 007D
E01000902,Camden 012B
E01000903,Camden 006E
E01000904,Camden 012C
E01000905,Camden 012D
E01000906,Camden 012E
E01000907,Camden 001A
E01000908,Camden 001B
E01000909,Camden 001C
E01000910,Camden 003A
E01000911,Camden 003B
E01000912,Camden 001D
E01000913,Camden 001E
E01000914,Camden 028B
E01000915,Camden 027A
E01000916,Camden 027B
E01000917,Camden 027C
E01000918,Camden 028C
E01000919,Camden 028D
E01000920,Camden 027D
E01000921,Camden 003C
E01000922,Camden 007E
E01000923,Camden 003D
E01000924,Camden 009C
E01000925,Camden 009D
E01000926,Camden 009E
E01000927,Camden 007F
E01000928,Camden 003E
E01000929,Camden 020A
E01000930,Camden 020B
E01000931,Camden 013C
E01000932,Camden 013D
E01000933,Camden 020C
E01000934,Camden 020D
E01000935,Camden 020E
E01000936,Camden 024A
E01000937,Camden 025B
E01000938,Camden 024B
E01000939,Camden 024C
E01000940,Camden 024D
E01000941,Camden 025C
E01000942,Camden 025D
E01000943,Camden 025E
E01000944,Camden 023A
E01000945,Camden 023B
E01000946,Camden 021B
E01000947,Camden 021C
E01000948,Camden 021D
E01000949,Camden 023C
E01000950,Camden 023D
E01000951,Camden 023E
E01000952,Camden 022A
E01000953,Camden 022B
E01000954,Camden 022C
E01000955,Camden 022D
E01000956,Camden 022E
E01000957,Camden 019C
E01000958,Camden 019D
E01000959,Camden 019E
E01000960,Camden 017A
E01000961,Camden 017B
E01000962,Camden 016A
E01000963,Camden 017C
E01000964,Camden 016B
E01000965,Camden 016C
E01000966,Camden 016D
E01000967,Camden 017D
E01000968,Camden 016E
E01000969,Camden 010A
E01000970,Camden 010B
E01000971,Camden 010C
E01000972,Camden 010D
E01000973,Camden 010E
E01000974,Camden 013E
E01000975,Croydon 022A
E01000976,Croydon 022B
E01000977,Croydon 022C
E01000978,Croydon 022D
E01000979,Croydon 022E
E01000980,Croydon 017A
E01000981,Croydon 017B
E01000982,Croydon 017C
E01000983,Croydon 017D
E01000984,Croydon 022F
E01000985,Croydon 021A
E01000986,Croydon 021B
E01000987,Croydon 021C
E01000989,Croydon 018A
E01000990,Croydon 045A
E01000991,Croydon 018B
E01000992,Croydon 014A
E01000993,Croydon 021D
E01000994,Croydon 009A
E01000995,Croydon 009B
E01000996,Croydon 009C
E01000997,Croydon 009D
E01000998,Croydon 010A
E01000999,Croydon 009E
E01001000,Croydon 010B
E01001001,Croydon 013A
E01001002,Croydon 009F
E01001003,Croydon 010C
E01001004,Croydon 015A
E01001005,Croydon 019A
E01001006,Croydon 016A
E01001007,Croydon 016B
E01001008,Croydon 019B
E01001009,Croydon 019C
E01001010,Croydon 019D
E01001011,Croydon 019E
E01001012,Croydon 020A
E01001013,Croydon 020B
E01001014,Croydon 024A
E01001015,Croydon 041A
E01001016,Croydon 041B
E01001017,Croydon 043A
E01001018,Croydon 044A
E01001019,Croydon 044B
E01001020,Croydon 044C
E01001021,Croydon 044D
E01001022,Croydon 044E
E01001023,Croydon 041C
E01001024,Croydon 043B
E01001025,Croydon 043C
E01001026,Croydon 043D
E01001027,Croydon 043E
E01001028,Croydon 038A
E01001029,Croydon 038B
E01001030,Croydon 038C
E01001031,Croydon 038D
E01001032,Croydon 035A
E01001033,Croydon 031A
E01001034,Croydon 031B
E01001035,Croydon 027A
E01001036,Croydon 029A
E01001037,Croydon 029B
E01001038,Croydon 029C
E01001039,Croydon 029D
E01001040,Croydon 029E
E01001041,Croydon 031C
E01001042,Croydon 024B
E01001043,Croydon 027B
E01001044,Croydon 023A
E01001045,Croydon 027C
E01001046,Croydon 023B
E01001047,Croydon 027D
E01001048,Croydon 020C
E01001049,Croydon 023C
E01001050,Croydon 023D
E01001051,Croydon 030A
E01001052,Croydon 030B
E01001053,Croydon 032A
E01001054,Croydon 030C
E01001055,Croydon 032B
E01001056,Croydon 030D
E01001057,Croydon 030E
E01001058,Croydon 034A
E01001059,Croydon 034B
E01001060,Croydon 034C
E01001061,Croydon 034D
E01001062,Croydon 026A
E01001063,Croydon 026B
E01001064,Croydon 026C
E01001065,Croydon 034E
E01001066,Croydon 034F
E01001067,Croydon 041D
E01001068,Croydon 042A
E01001069,Croydon 040A
E01001070,Croydon 040B
E01001071,Croydon 042B
E01001072,Croydon 042C
E01001073,Croydon 037A
E01001074,Croydon 041E
E01001075,Croydon 040C
E01001076,Croydon 036A
E01001077,Croydon 032C
E01001078,Croydon 032D
E01001079,Croydon 036B
E01001080,Croydon 036C
E01001081,Croydon 036D
E01001082,Croydon 032E
E01001083,Croydon 003A
E01001084,Croydon 002A
E01001085,Croydon 004A
E01001086,Croydon 003B
E01001087,Croydon 003C
E01001088,Croydon 004B
E01001089,Croydon 004C
E01001090,Croydon 004D
E01001091,Croydon 004E
E01001092,Croydon 037B
E01001093,Croydon 037C
E01001094,Croydon 038E
E01001095,Croydon 031D
E01001096,Croydon 037D
E01001097,Croydon 037E
E01001098,Croydon 037F
E01001099,Croydon 040D
E01001100,Croydon 031E
E01001101,Croydon 035B
E01001102,Croydon 035C
E01001103,Croydon 039A
E01001104,Croydon 042D
E01001105,Croydon 039B
E01001106,Croydon 039C
E01001107,Croydon 035D
E01001108,Croydon 035E
E01001109,Croydon 013B
E01001110,Croydon 020D
E01001111,Croydon 010D
E01001112,Croydon 013C
E01001113,Croydon 013D
E01001114,Croydon 013E
E01001115,Croydon 015B
E01001116,Croydon 013F
E01001117,Croydon 015C
E01001118,Croydon 020E
E01001119,Croydon 034G
E01001120,Croydon 033A
E01001121,Croydon 039D
E01001122,Croydon 033B
E01001123,Croydon 033C
E01001124,Croydon 033D
E01001125,Croydon 033E
E01001126,Croydon 034H
E01001127,Croydon 025A
E01001128,Croydon 025B
E01001129,Croydon 026D
E01001130,Croydon 025C
E01001131,Croydon 018C
E01001132,Croydon 018D
E01001133,Croydon 026E
E01001134,Croydon 018E
E01001135,Croydon 025D
E01001136,Croydon 007A
E01001137,Croydon 001A
E01001138,Croydon 001B
E01001139,Croydon 007B
E01001140,Croydon 007C
E01001141,Croydon 008A
E01001142,Croydon 007D
E01001143,Croydon 008B
E01001144,Croydon 007E
E01001145,Croydon 008C
E01001146,Croydon 006A
E01001147,Croydon 005A
E01001148,Croydon 005B
E01001149,Croydon 006B
E01001150,Croydon 006C
E01001151,Croydon 005C
E01001152,Croydon 005D
E01001153,Croydon 006D
E01001154,Croydon 006E
E01001155,Croydon 010E
E01001156,Croydon 001C
E01001157,Croydon 002B
E01001158,Croydon 005E
E01001159,Croydon 002C
E01001160,Croydon 002D
E01001161,Croydon 003D
E01001162,Croydon 001D
E01001163,Croydon 002E
E01001164,Croydon 001E
E01001165,Croydon 024C
E01001166,Croydon 024D
E01001167,Croydon 028A
E01001168,Croydon 024E
E01001169,Croydon 028B
E01001170,Croydon 027E
E01001171,Croydon 028C
E01001172,Croydon 028D
E01001173,Croydon 028E
E01001174,Croydon 011A
E01001175,Croydon 011B
E01001176,Croydon 011C
E01001177,Croydon 016C
E01001178,Croydon 015D
E01001179,Croydon 016D
E01001180,Croydon 016E
E01001181,Croydon 015E
E01001182,Croydon 011D
E01001183,Croydon 011E
E01001184,Croydon 011F
E01001185,Croydon 014B
E01001186,Croydon 014C
E01001187,Croydon 017E
E01001188,Croydon 014D
E01001189,Croydon 045B
E01001190,Croydon 045C
E01001191,Croydon 008D
E01001192,Croydon 008E
E01001193,Croydon 014E
E01001194,Croydon 045D
E01001195,Ealing 021A
E01001196,Ealing 015A
E01001197,Ealing 021B
E01001198,Ealing 021C
E01001199,Ealing 021D
E01001200,Ealing 025A
E01001201,Ealing 025B
E01001202,Ealing 025C
E01001203,Ealing 025D
E01001204,Ealing 018A
E01001205,Ealing 018B
E01001206,Ealing 018C
E01001207,Ealing 018D
E01001208,Ealing 018E
E01001209,Ealing 013A
E01001210,Ealing 016A
E01001211,Ealing 013B
E01001212,Ealing 018F
E01001213,Ealing 023A
E01001214,Ealing 023B
E01001215,Ealing 023C
E01001216,Ealing 023D
E01001217,Ealing 014A
E01001218,Ealing 012A
E01001219,Ealing 029A
E01001220,Ealing 029B
E01001221,Ealing 020A
E01001222,Ealing 019A
E01001223,Ealing 020B
E01001224,Ealing 019B
E01001225,Ealing 020C
E01001226,Ealing 019C
E01001227,Ealing 019D
E01001228,Ealing 019E
E01001229,Ealing 031A
E01001230,Ealing 031B
E01001231,Ealing 027A
E01001232,Ealing 031C
E01001233,Ealing 031D
E01001234,Ealing 027B
E01001235,Ealing 020D
E01001236,Ealing 020E
E01001237,Ealing 031E
E01001238,Ealing 015B
E01001239,Ealing 015C
E01001240,Ealing 024A
E01001241,Ealing 024B
E01001242,Ealing 024C
E01001243,Ealing 024D
E01001244,Ealing 024E
E01001245,Ealing 024F
E01001246,Ealing 015D
E01001247,Ealing 015E
E01001248,Ealing 035A
E01001249,Ealing 028A
E01001250,Ealing 028B
E01001251,Ealing 030A
E01001252,Ealing 030B
E01001253,Ealing 030C
E01001254,Ealing 030D
E01001255,Ealing 028C
E01001257,Ealing 008A
E01001258,Ealing 010B
E01001259,Ealing 014B
E01001260,Ealing 012B
E01001261,Ealing 012C
E01001262,Ealing 010C
E01001263,Ealing 010D
E01001264,Ealing 010E
E01001265,Ealing 006A
E01001266,Ealing 006B
E01001267,Ealing 006C
E01001268,Ealing 012D
E01001269,Ealing 001A
E01001270,Ealing 004A
E01001271,Ealing 001B
E01001272,Ealing 006D
E01001273,Ealing 020F
E01001274,Ealing 020G
E01001275,Ealing 020H
E01001276,Ealing 011A
E01001277,Ealing 011B
E01001278,Ealing 011C
E01001279,Ealing 013C
E01001280,Ealing 011D
E01001281,Ealing 013D
E01001282,Ealing 016B
E01001283,Ealing 016C
E01001284,Ealing 022A
E01001285,Ealing 016D
E01001286,Ealing 016E
E01001287,Ealing 016F
E01001288,Ealing 022B
E01001289,Ealing 022C
E01001290,Ealing 022D
E01001291,Ealing 014C
E01001292,Ealing 014D
E01001293,Ealing 014E
E01001294,Ealing 017A
E01001295,Ealing 017B
E01001296,Ealing 017C
E01001297,Ealing 017D
E01001298,Ealing 017E
E01001299,Ealing 035B
E01001300,Ealing 039A
E01001301,Ealing 039B
E01001302,Ealing 039C
E01001303,Ealing 032A
E01001304,Ealing 039D
E01001305,Ealing 035C
E01001306,Ealing 035D
E01001307,Ealing 002A
E01001308,Ealing 002B
E01001309,Ealing 001C
E01001310,Ealing 001D
E01001311,Ealing 001E
E01001312,Ealing 002C
E01001313,Ealing 002D
E01001314,Ealing 002E
E01001315,Ealing 003A
E01001316,Ealing 003B
E01001317,Ealing 003C
E01001318,Ealing 003D
E01001319,Ealing 004B
E01001320,Ealing 003E
E01001321,Ealing 003F
E01001322,Ealing 004C
E01001323,Ealing 004D
E01001324,Ealing 008B
E01001325,Ealing 009A
E01001326,Ealing 008C
E01001327,Ealing 009B
E01001328,Ealing 009C
E01001329,Ealing 009D
E01001330,Ealing 008D
E01001331,Ealing 009E
E01001332,Ealing 008E
E01001333,Ealing 038A
E01001334,Ealing 029C
E01001335,Ealing 038B
E01001336,Ealing 038C
E01001337,Ealing 029D
E01001338,Ealing 029E
E01001339,Ealing 029F
E01001340,Ealing 029G
E01001341,Ealing 005A
E01001342,Ealing 005B
E01001343,Ealing 005C
E01001344,Ealing 007A
E01001345,Ealing 005D
E01001346,Ealing 007B
E01001347,Ealing 007C
E01001348,Ealing 007D
E01001349,Ealing 006E
E01001350,Ealing 027C
E01001351,Ealing 025E
E01001352,Ealing 027D
E01001353,Ealing 033A
E01001354,Ealing 027E
E01001355,Ealing 033B
E01001356,Ealing 033C
E01001357,Ealing 033D
E01001358,Ealing 033E
E01001359,Ealing 026A
E01001360,Ealing 026B
E01001361,Ealing 023E
E01001362,Ealing 026C
E01001363,Ealing 026D
E01001364,Ealing 026E
E01001365,Ealing 026F
E01001366,Ealing 037A
E01001367,Ealing 037B
E01001368,Ealing 037C
E01001369,Ealing 038D
E01001370,Ealing 037D
E01001371,Ealing 037E
E01001372,Ealing 037F
E01001373,Ealing 037G
E01001374,Ealing 040A
E01001375,Ealing 034A
E01001376,Ealing 040B
E01001377,Ealing 034B
E01001379,Ealing 034C
E01001380,Ealing 040C
E01001381,Ealing 034D
E01001382,Ealing 032B
E01001383,Ealing 028D
E01001384,Ealing 032C
E01001385,Ealing 032D
E01001386,Ealing 031F
E01001387,Ealing 032E
E01001388,Ealing 028E
E01001389,Ealing 028F
E01001390,Enfield 036A
E01001391,Enfield 036B
E01001392,Enfield 032A
E01001393,Enfield 036C
E01001394,Enfield 035A
E01001395,Enfield 035B
E01001396,Enfield 036D
E01001397,Enfield 035C
E01001398,Enfield 021A
E01001399,Enfield 021B
E01001400,Enfield 021C
E01001401,Enfield 016A
E01001402,Enfield 021D
E01001403,Enfield 021E
E01001404,Enfield 026A
E01001405,Enfield 015A
E01001406,Enfield 015B
E01001407,Enfield 005A
E01001408,Enfield 004A
E01001409,Enfield 005B
E01001410,Enfield 005C
E01001411,Enfield 004B
E01001412,Enfield 004C
E01001413,Enfield 004D
E01001414,Enfield 004E
E01001415,Enfield 011A
E01001416,Enfield 013A
E01001417,Enfield 011B
E01001418,Enfield 011C
E01001419,Enfield 020A
E01001420,Enfield 020B
E01001421,Enfield 020C
E01001422,Enfield 011D
E01001423,Enfield 027A
E01001424,Enfield 030A
E01001425,Enfield 027B
E01001426,Enfield 030B
E01001427,Enfield 030C
E01001428,Enfield 027C
E01001429,Enfield 030D
E01001430,Enfield 030E
E01001431,Enfield 033A
E01001432,Enfield 033B
E01001433,Enfield 007A
E01001434,Enfield 007B
E01001435,Enfield 007C
E01001436,Enfield 007D
E01001437,Enfield 014A
E01001438,Enfield 007E
E01001439,Enfield 006A
E01001440,Enfield 012A
E01001441,Enfield 006B
E01001442,Enfield 002A
E01001444,Enfield 001A
E01001445,Enfield 003B
E01001446,Enfield 001B
E01001447,Enfield 003C
E01001448,Enfield 003D
E01001449,Enfield 003E
E01001450,Enfield 015C
E01001451,Enfield 017A
E01001452,Enfield 017B
E01001453,Enfield 017C
E01001454,Enfield 017D
E01001455,Enfield 021F
E01001456,Enfield 022A
E01001457,Enfield 010A
E01001458,Enfield 037A
E01001459,Enfield 024A
E01001460,Enfield 024B
E01001461,Enfield 027D
E01001462,Enfield 024C
E01001463,Enfield 031A
E01001464,Enfield 027E
E01001465,Enfield 031B
E01001466,Enfield 031C
E01001467,Enfield 031D
E01001468,Enfield 010B
E01001469,Enfield 008A
E01001470,Enfield 013B
E01001471,Enfield 010C
E01001472,Enfield 010D
E01001473,Enfield 013C
E01001474,Enfield 010E
E01001475,Enfield 013D
E01001476,Enfield 018A
E01001477,Enfield 018B
E01001478,Enfield 016B
E01001479,Enfield 023A
E01001480,Enfield 024D
E01001481,Enfield 018C
E01001482,Enfield 023B
E01001483,Enfield 025A
E01001484,Enfield 016C
E01001485,Enfield 025B
E01001486,Enfield 025C
E01001487,Enfield 023C
E01001488,Enfield 024E
E01001489,Enfield 023D
E01001491,Enfield 023E
E01001492,Enfield 025E
E01001493,Enfield 026B
E01001494,Enfield 026C
E01001495,Enfield 029A
E01001496,Enfield 026D
E01001497,Enfield 031E
E01001498,Enfield 029B
E01001499,Enfield 031F
E01001500,Enfield 035D
E01001501,Enfield 036E
E01001502,Enfield 018D
E01001503,Enfield 018E
E01001504,Enfield 012B
E01001505,Enfield 012C
E01001506,Enfield 014B
E01001507,Enfield 012D
E01001508,Enfield 012E
E01001509,Enfield 014C
E01001510,Enfield 014D
E01001511,Enfield 016D
E01001512,Enfield 015D
E01001513,Enfield 012F
E01001514,Enfield 016E
E01001515,Enfield 015E
E01001516,Enfield 005D
E01001517,Enfield 006C
E01001518,Enfield 016F
E01001519,Enfield 020D
E01001520,Enfield 019A
E01001521,Enfield 028A
E01001522,Enfield 019B
E01001523,Enfield 019C
E01001524,Enfield 019D
E01001525,Enfield 020E
E01001526,Enfield 019E
E01001527,Enfield 036F
E01001528,Enfield 032B
E01001529,Enfield 032C
E01001530,Enfield 032D
E01001531,Enfield 028B
E01001532,Enfield 028C
E01001533,Enfield 028D
E01001534,Enfield 032E
E01001535,Enfield 028E
E01001536,Enfield 008B
E01001537,Enfield 005E
E01001538,Enfield 009A
E01001539,Enfield 009B
E01001540,Enfield 008C
E01001541,Enfield 008D
E01001542,Enfield 008E
E01001543,Enfield 009C
E01001544,Enfield 009D
E01001545,Enfield 002B
E01001546,Enfield 001C
E01001547,Enfield 002C
E01001548,Enfield 002D
E01001549,Enfield 006D
E01001550,Enfield 006E
E01001551,Enfield 002E
E01001552,Enfield 001D
E01001553,Enfield 037B
E01001554,Enfield 037C
E01001555,Enfield 033C
E01001556,Enfield 035E
E01001557,Enfield 033D
E01001558,Enfield 033E
E01001559,Enfield 033F
E01001560,Enfield 035F
E01001562,Enfield 037D
E01001563,Enfield 029C
E01001564,Enfield 022B
E01001565,Enfield 029D
E01001566,Enfield 029E
E01001567,Enfield 022C
E01001568,Enfield 022D
E01001569,Enfield 022E
E01001570,Enfield 026E
E01001571,Greenwich 008A
E01001572,Greenwich 008B
E01001573,Greenwich 008C
E01001574,Greenwich 008D
E01001575,Greenwich 003A
E01001576,Greenwich 003B
E01001577,Greenwich 003C
E01001578,Greenwich 003D
E01001579,Greenwich 003E
E01001580,Greenwich 021A
E01001581,Greenwich 016A
E01001582,Greenwich 021B
E01001583,Greenwich 021C
E01001584,Greenwich 021D
E01001585,Greenwich 016B
E01001586,Greenwich 016C
E01001587,Greenwich 016D
E01001588,Greenwich 012A
E01001589,Greenwich 012B
E01001590,Greenwich 014A
E01001591,Greenwich 012C
E01001592,Greenwich 014B
E01001593,Greenwich 014C
E01001594,Greenwich 014D
E01001595,Greenwich 012D
E01001596,Greenwich 032A
E01001597,Greenwich 031A
E01001598,Greenwich 031B
E01001599,Greenwich 032B
E01001600,Greenwich 032C
E01001601,Greenwich 032D
E01001602,Greenwich 031C
E01001603,Greenwich 031D
E01001604,Greenwich 027A
E01001605,Greenwich 023A
E01001606,Greenwich 023B
E01001607,Greenwich 027B
E01001608,Greenwich 027C
E01001609,Greenwich 027D
E01001610,Greenwich 023C
E01001611,Greenwich 023D
E01001613,Greenwich 028A
E01001614,Greenwich 028B
E01001615,Greenwich 028C
E01001617,Greenwich 028D
E01001618,Greenwich 030C
E01001619,Greenwich 030D
E01001620,Greenwich 025A
E01001621,Greenwich 025B
E01001623,Greenwich 025C
E01001624,Greenwich 025D
E01001625,Greenwich 025E
E01001629,Greenwich 009A
E01001631,Greenwich 007B
E01001632,Greenwich 007C
E01001633,Greenwich 009B
E01001634,Greenwich 009C
E01001635,Greenwich 007D
E01001636,Greenwich 007E
E01001637,Greenwich 009D
E01001638,Greenwich 038A
E01001640,Greenwich 035A
E01001641,Greenwich 038B
E01001642,Greenwich 038C
E01001644,Greenwich 038D
E01001645,Greenwich 022A
E01001646,Greenwich 019A
E01001647,Greenwich 022B
E01001648,Greenwich 022C
E01001649,Greenwich 022D
E01001650,Greenwich 019B
E01001651,Greenwich 019C
E01001652,Greenwich 019D
E01001653,Greenwich 029A
E01001654,Greenwich 029B
E01001655,Greenwich 029C
E01001656,Greenwich 034A
E01001657,Greenwich 034B
E01001658,Greenwich 034C
E01001659,Greenwich 034D
E01001660,Greenwich 029D
E01001661,Greenwich 029E
E01001662,Greenwich 037A
E01001664,Greenwich 037B
E01001665,Greenwich 037C
E01001666,Greenwich 036A
E01001667,Greenwich 036B
E01001668,Greenwich 036C
E01001669,Greenwich 033A
E01001671,Greenwich 033B
E01001672,Greenwich 006A
E01001673,Greenwich 006B
E01001674,Greenwich 006C
E01001675,Greenwich 006D
E01001676,Greenwich 033C
E01001677,Greenwich 006E
E01001678,Greenwich 017A
E01001679,Greenwich 020A
E01001680,Greenwich 020B
E01001681,Greenwich 020C
E01001682,Greenwich 020D
E01001683,Greenwich 017B
E01001684,Greenwich 017C
E01001685,Greenwich 017D
E01001686,Greenwich 020E
E01001687,Greenwich 002A
E01001688,Greenwich 002B
E01001690,Greenwich 001A
E01001692,Greenwich 001B
E01001693,Greenwich 001C
E01001694,Greenwich 001D
E01001695,Greenwich 011A
E01001696,Greenwich 011B
E01001697,Greenwich 011C
E01001698,Greenwich 015A
E01001699,Greenwich 015B
E01001700,Greenwich 011D
E01001701,Greenwich 015C
E01001702,Greenwich 015D
E01001703,Greenwich 011E
E01001704,Greenwich 011F
E01001705,Greenwich 005A
E01001706,Greenwich 005B
E01001708,Greenwich 005C
E01001709,Greenwich 004B
E01001710,Greenwich 005D
E01001711,Greenwich 004C
E01001712,Greenwich 004D
E01001713,Greenwich 005E
E01001714,Hackney 002A
E01001715,Hackney 007A
E01001716,Hackney 007B
E01001717,Hackney 007C
E01001718,Hackney 007D
E01001719,Hackney 007E
E01001720,Hackney 007F
E01001722,Hackney 029A
E01001723,Hackney 006A
E01001724,Hackney 006B
E01001725,Hackney 004A
E01001726,Hackney 004B
E01001727,Hackney 006C
E01001728,Hackney 029B
E01001729,Hackney 019A
E01001730,Hackney 019B
E01001731,Hackney 017A
E01001732,Hackney 019C
E01001733,Hackney 015A
E01001734,Hackney 017B
E01001735,Hackney 019D
E01001736,Hackney 012A
E01001737,Hackney 012B
E01001738,Hackney 012C
E01001739,Hackney 012D
E01001740,Hackney 014A
E01001741,Hackney 009A
E01001742,Hackney 008A
E01001744,Hackney 021B
E01001745,Hackney 016A
E01001746,Hackney 016B
E01001747,Hackney 014B
E01001748,Hackney 020A
E01001749,Hackney 020B
E01001750,Hackney 021C
E01001751,Hackney 021D
E01001752,Hackney 025A
E01001753,Hackney 025B
E01001754,Hackney 025C
E01001755,Hackney 025D
E01001756,Hackney 021E
E01001757,Hackney 016C
E01001758,Hackney 016D
E01001759,Hackney 016E
E01001760,Hackney 017C
E01001761,Hackney 016F
E01001762,Hackney 017D
E01001763,Hackney 020C
E01001764,Hackney 010A
E01001765,Hackney 010B
E01001767,Hackney 010D
E01001768,Hackney 006D
E01001769,Hackney 006E
E01001770,Hackney 010E
E01001772,Hackney 024A
E01001773,Hackney 025E
E01001774,Hackney 024B
E01001775,Hackney 024C
E01001776,Hackney 025F
E01001777,Hackney 027B
E01001779,Hackney 026A
E01001780,Hackney 027D
E01001781,Hackney 026B
E01001782,Hackney 026C
E01001783,Hackney 026D
E01001784,Hackney 027E
E01001785,Hackney 015B
E01001786,Hackney 013A
E01001787,Hackney 013B
E01001788,Hackney 013C
E01001789,Hackney 015C
E01001790,Hackney 013D
E01001791,Hackney 015D
E01001792,Hackney 011A
E01001793,Hackney 011B
E01001794,Hackney 011C
E01001795,Hackney 011D
E01001796,Hackney 011E
E01001798,Hackney 028A
E01001799,Hackney 003A
E01001800,Hackney 004C
E01001801,Hackney 008B
E01001802,Hackney 003B
E01001803,Hackney 008C
E01001804,Hackney 003C
E01001805,Hackney 009B
E01001806,Hackney 008D
E01001807,Hackney 003D
E01001808,Hackney 001A
E01001809,Hackney 001B
E01001811,Hackney 002D
E01001812,Hackney 003E
E01001813,Hackney 002E
E01001814,Hackney 001C
E01001815,Hackney 024D
E01001816,Hackney 020D
E01001819,Hackney 020E
E01001820,Hackney 024E
E01001821,Hackney 024F
E01001822,Hackney 029C
E01001823,Hackney 001D
E01001824,Hackney 004D
E01001825,Hackney 001E
E01001826,Hackney 004E
E01001827,Hackney 029D
E01001828,Hackney 028B
E01001829,Hackney 009C
E01001830,Hackney 014C
E01001831,Hackney 009D
E01001832,Hackney 009E
E01001833,Hackney 014D
E01001834,Hackney 014E
E01001835,Hackney 014F
E01001836,Hackney 022A
E01001837,Hackney 023B
E01001838,Hackney 019E
E01001839,Hackney 023C
E01001840,Hackney 022B
E01001841,Hackney 022C
E01001842,Hackney 023D
E01001843,Hackney 023E
E01001844,Hackney 022D
E01001845,Hackney 022E
E01001846,Hackney 018A
E01001847,Hackney 018B
E01001848,Hackney 018C
E01001849,Hackney 018D
E01001850,Hackney 019F
E01001851,Hammersmith and Fulham 010A
E01001852,Hammersmith and Fulham 007A
E01001853,Hammersmith and Fulham 007B
E01001854,Hammersmith and Fulham 007C
E01001855,Hammersmith and Fulham 010B
E01001856,Hammersmith and Fulham 010C
E01001857,Hammersmith and Fulham 007D
E01001858,Hammersmith and Fulham 006A
E01001859,Hammersmith and Fulham 008A
E01001860,Hammersmith and Fulham 006B
E01001861,Hammersmith and Fulham 006C
E01001862,Hammersmith and Fulham 005A
E01001863,Hammersmith and Fulham 006D
E01001864,Hammersmith and Fulham 006E
E01001865,Hammersmith and Fulham 008B
E01001866,Hammersmith and Fulham 012A
E01001867,Hammersmith and Fulham 012B
E01001868,Hammersmith and Fulham 012C
E01001869,Hammersmith and Fulham 010D
E01001870,Hammersmith and Fulham 012D
E01001871,Hammersmith and Fulham 012E
E01001872,Hammersmith and Fulham 012F
E01001873,Hammersmith and Fulham 010E
E01001874,Hammersmith and Fulham 001A
E01001875,Hammersmith and Fulham 001B
E01001876,Hammersmith and Fulham 001C
E01001877,Hammersmith and Fulham 001D
E01001878,Hammersmith and Fulham 001E
E01001879,Hammersmith and Fulham 019A
E01001880,Hammersmith and Fulham 017A
E01001881,Hammersmith and Fulham 017B
E01001882,Hammersmith and Fulham 017C
E01001883,Hammersmith and Fulham 017D
E01001884,Hammersmith and Fulham 017E
E01001885,Hammersmith and Fulham 015A
E01001886,Hammersmith and Fulham 016A
E01001887,Hammersmith and Fulham 016B
E01001888,Hammersmith and Fulham 018A
E01001889,Hammersmith and Fulham 014A
E01001890,Hammersmith and Fulham 016C
E01001891,Hammersmith and Fulham 018B
E01001892,Hammersmith and Fulham 016D
E01001893,Hammersmith and Fulham 013A
E01001894,Hammersmith and Fulham 013B
E01001895,Hammersmith and Fulham 009A
E01001896,Hammersmith and Fulham 009B
E01001897,Hammersmith and Fulham 009C
E01001898,Hammersmith and Fulham 013C
E01001899,Hammersmith and Fulham 013D
E01001900,Hammersmith and Fulham 013E
E01001901,Hammersmith and Fulham 019B
E01001902,Hammersmith and Fulham 019C
E01001903,Hammersmith and Fulham 019D
E01001904,Hammersmith and Fulham 022A
E01001905,Hammersmith and Fulham 022B
E01001906,Hammersmith and Fulham 022C
E01001907,Hammersmith and Fulham 022D
E01001908,Hammersmith and Fulham 015B
E01001909,Hammersmith and Fulham 015C
E01001910,Hammersmith and Fulham 014B
E01001911,Hammersmith and Fulham 015D
E01001912,Hammersmith and Fulham 015E
E01001913,Hammersmith and Fulham 014C
E01001914,Hammersmith and Fulham 014D
E01001915,Hammersmith and Fulham 024A
E01001916,Hammersmith and Fulham 024B
E01001917,Hammersmith and Fulham 018C
E01001918,Hammersmith and Fulham 018D
E01001919,Hammersmith and Fulham 018E
E01001920,Hammersmith and Fulham 020A
E01001921,Hammersmith and Fulham 020B
E01001922,Hammersmith and Fulham 020C
E01001923,Hammersmith and Fulham 020D
E01001924,Hammersmith and Fulham 020E
E01001925,Hammersmith and Fulham 025A
E01001926,Hammersmith and Fulham 024C
E01001927,Hammersmith and Fulham 008C
E01001928,Hammersmith and Fulham 011A
E01001929,Hammersmith and Fulham 009D
E01001930,Hammersmith and Fulham 008D
E01001931,Hammersmith and Fulham 011B
E01001932,Hammersmith and Fulham 011C
E01001933,Hammersmith and Fulham 011D
E01001934,Hammersmith and Fulham 025B
E01001935,Hammersmith and Fulham 023A
E01001937,Hammersmith and Fulham 025C
E01001938,Hammersmith and Fulham 025D
E01001939,Hammersmith and Fulham 023C
E01001940,Hammersmith and Fulham 005B
E01001941,Hammersmith and Fulham 005C
E01001942,Hammersmith and Fulham 005D
E01001943,Hammersmith and Fulham 004A
E01001944,Hammersmith and Fulham 004B
E01001945,Hammersmith and Fulham 004C
E01001946,Hammersmith and Fulham 004D
E01001947,Hammersmith and Fulham 021A
E01001948,Hammersmith and Fulham 021B
E01001949,Hammersmith and Fulham 021C
E01001950,Hammersmith and Fulham 021D
E01001951,Hammersmith and Fulham 021E
E01001952,Hammersmith and Fulham 024D
E01001953,Hammersmith and Fulham 021F
E01001954,Hammersmith and Fulham 003A
E01001955,Hammersmith and Fulham 002A
E01001956,Hammersmith and Fulham 003B
E01001957,Hammersmith and Fulham 002B
E01001958,Hammersmith and Fulham 002C
E01001959,Hammersmith and Fulham 003C
E01001960,Hammersmith and Fulham 003D
E01001961,Hammersmith and Fulham 002D
E01001962,Haringey 004A
E01001963,Haringey 009A
E01001964,Haringey 009B
E01001965,Haringey 009C
E01001966,Haringey 009D
E01001967,Haringey 014A
E01001968,Haringey 014B
E01001969,Haringey 001A
E01001970,Haringey 004B
E01001971,Haringey 001B
E01001972,Haringey 004C
E01001973,Haringey 004D
E01001974,Haringey 001C
E01001975,Haringey 001D
E01001976,Haringey 011A
E01001977,Haringey 011B
E01001978,Haringey 011C
E01001979,Haringey 011D
E01001980,Haringey 018A
E01001981,Haringey 018B
E01001982,Haringey 018C
E01001983,Haringey 018D
E01001984,Haringey 033A
E01001985,Haringey 033B
E01001986,Haringey 034A
E01001987,Haringey 033C
E01001988,Haringey 034B
E01001989,Haringey 033D
E01001990,Haringey 034C
E01001991,Haringey 017A
E01001992,Haringey 017B
E01001993,Haringey 017C
E01001994,Haringey 030A
E01001995,Haringey 017D
E01001996,Haringey 014C
E01001997,Haringey 014D
E01001998,Haringey 023A
E01001999,Haringey 023B
E01002000,Haringey 031A
E01002001,Haringey 031B
E01002002,Haringey 031C
E01002003,Haringey 023C
E01002004,Haringey 023D
E01002005,Haringey 035A
E01002006,Haringey 035B
E01002007,Haringey 035C
E01002008,Haringey 030B
E01002009,Haringey 035D
E01002010,Haringey 030C
E01002011,Haringey 030D
E01002013,Haringey 022A
E01002014,Haringey 020B
E01002015,Haringey 020C
E01002016,Haringey 028A
E01002017,Haringey 028B
E01002018,Haringey 020D
E01002019,Haringey 022B
E01002020,Haringey 021A
E01002021,Haringey 022C
E01002022,Haringey 021B
E01002023,Haringey 021C
E01002024,Haringey 022D
E01002025,Haringey 021D
E01002026,Haringey 016A
E01002027,Haringey 010A
E01002028,Haringey 010B
E01002029,Haringey 016B
E01002030,Haringey 016C
E01002031,Haringey 016D
E01002032,Haringey 010C
E01002033,Haringey 010D
E01002034,Haringey 037A
E01002036,Haringey 002A
E01002037,Haringey 002B
E01002038,Haringey 037B
E01002039,Haringey 002C
E01002040,Haringey 002D
E01002041,Haringey 037C
E01002042,Haringey 027A
E01002043,Haringey 026A
E01002044,Haringey 027B
E01002045,Haringey 026B
E01002046,Haringey 026C
E01002047,Haringey 027C
E01002048,Haringey 027D
E01002049,Haringey 026D
E01002050,Haringey 029A
E01002051,Haringey 029B
E01002052,Haringey 029C
E01002053,Haringey 032A
E01002054,Haringey 032B
E01002055,Haringey 029D
E01002056,Haringey 032C
E01002057,Haringey 032D
E01002058,Haringey 031D
E01002059,Haringey 028C
E01002060,Haringey 028D
E01002061,Haringey 036A
E01002062,Haringey 034D
E01002063,Haringey 036B
E01002064,Haringey 036C
E01002065,Haringey 036D
E01002066,Haringey 025A
E01002067,Haringey 024A
E01002068,Haringey 025B
E01002069,Haringey 024B
E01002070,Haringey 024C
E01002071,Haringey 025C
E01002072,Haringey 025D
E01002073,Haringey 024D
E01002074,Haringey 012A
E01002075,Haringey 015A
E01002076,Haringey 015B
E01002077,Haringey 012B
E01002078,Haringey 015C
E01002079,Haringey 012C
E01002080,Haringey 015D
E01002081,Haringey 012D
E01002082,Haringey 013A
E01002083,Haringey 019A
E01002084,Haringey 019B
E01002085,Haringey 019C
E01002086,Haringey 013B
E01002087,Haringey 019D
E01002088,Haringey 013C
E01002089,Haringey 013D
E01002090,Haringey 005A
E01002091,Haringey 006A
E01002092,Haringey 006B
E01002093,Haringey 005B
E01002094,Haringey 006C
E01002095,Haringey 006D
E01002096,Haringey 005C
E01002097,Haringey 005D
E01002098,Haringey 007A
E01002099,Haringey 008A
E01002100,Haringey 008B
E01002101,Haringey 007B
E01002102,Haringey 007C
E01002103,Haringey 008C
E01002104,Haringey 008D
E01002105,Haringey 007D
E01002106,Harrow 008A
E01002107,Harrow 012A
E01002108,Harrow 008B
E01002109,Harrow 008C
E01002110,Harrow 008D
E01002111,Harrow 008E
E01002112,Harrow 001A
E01002113,Harrow 002A
E01002114,Harrow 001B
E01002115,Harrow 002B
E01002116,Harrow 002C
E01002117,Harrow 002D
E01002118,Harrow 002E
E01002119,Harrow 007A
E01002120,Harrow 007B
E01002121,Harrow 007C
E01002122,Harrow 007D
E01002123,Harrow 007E
E01002124,Harrow 010A
E01002125,Harrow 010B
E01002126,Harrow 023A
E01002127,Harrow 023B
E01002128,Harrow 020A
E01002129,Harrow 023C
E01002130,Harrow 020B
E01002131,Harrow 023D
E01002132,Harrow 029A
E01002133,Harrow 027A
E01002134,Harrow 029B
E01002135,Harrow 029C
E01002136,Harrow 027B
E01002137,Harrow 029D
E01002138,Harrow 027C
E01002139,Harrow 006A
E01002140,Harrow 005A
E01002141,Harrow 005B
E01002142,Harrow 005C
E01002143,Harrow 005D
E01002144,Harrow 004A
E01002145,Harrow 005E
E01002146,Harrow 004B
E01002147,Harrow 004C
E01002148,Harrow 006B
E01002149,Harrow 004D
E01002150,Harrow 006C
E01002151,Harrow 006D
E01002152,Harrow 006E
E01002153,Harrow 019A
E01002154,Harrow 015A
E01002155,Harrow 019B
E01002156,Harrow 015B
E01002157,Harrow 019C
E01002158,Harrow 019D
E01002159,Harrow 021A
E01002160,Harrow 021B
E01002161,Harrow 021C
E01002162,Harrow 015C
E01002163,Harrow 015D
E01002164,Harrow 021D
E01002165,Harrow 017A
E01002166,Harrow 017B
E01002167,Harrow 017C
E01002168,Harrow 017D
E01002169,Harrow 017E
E01002170,Harrow 033A
E01002171,Harrow 033B
E01002172,Harrow 033C
E01002173,Harrow 033D
E01002174,Harrow 033E
E01002175,Harrow 033F
E01002176,Harrow 033G
E01002177,Harrow 033H
E01002178,Harrow 033I
E01002179,Harrow 013A
E01002180,Harrow 013B
E01002181,Harrow 020C
E01002182,Harrow 020D
E01002183,Harrow 013C
E01002184,Harrow 013D
E01002185,Harrow 009A
E01002186,Harrow 009B
E01002187,Harrow 009C
E01002188,Harrow 016A
E01002189,Harrow 016B
E01002190,Harrow 009D
E01002191,Harrow 022A
E01002192,Harrow 016C
E01002193,Harrow 016D
E01002194,Harrow 022B
E01002195,Harrow 022C
E01002196,Harrow 022D
E01002197,Harrow 012B
E01002198,Harrow 010C
E01002199,Harrow 012C
E01002200,Harrow 010D
E01002201,Harrow 012D
E01002202,Harrow 012E
E01002203,Harrow 010E
E01002204,Harrow 032A
E01002206,Harrow 032B
E01002207,Harrow 032C
E01002208,Harrow 025A
E01002209,Harrow 025B
E01002210,Harrow 032D
E01002211,Harrow 028A
E01002212,Harrow 028B
E01002213,Harrow 027D
E01002214,Harrow 031A
E01002215,Harrow 031B
E01002216,Harrow 028C
E01002217,Harrow 028D
E01002218,Harrow 030A
E01002219,Harrow 030B
E01002220,Harrow 031C
E01002221,Harrow 030C
E01002222,Harrow 030D
E01002223,Harrow 031D
E01002224,Harrow 031E
E01002225,Harrow 001C
E01002226,Harrow 001D
E01002227,Harrow 003A
E01002228,Harrow 003B
E01002229,Harrow 003C
E01002230,Harrow 003D
E01002231,Harrow 013E
E01002232,Harrow 011A
E01002233,Harrow 011B
E01002234,Harrow 011C
E01002235,Harrow 011D
E01002236,Harrow 011E
E01002237,Harrow 024A
E01002238,Harrow 024B
E01002239,Harrow 025C
E01002240,Harrow 024C
E01002241,Harrow 025D
E01002242,Harrow 024D
E01002243,Havering 013A
E01002244,Havering 011A
E01002245,Havering 011B
E01002246,Havering 017A
E01002247,Havering 017B
E01002248,Havering 017C
E01002249,Havering 017D
E01002250,Havering 017E
E01002251,Havering 017F
E01002252,Havering 018A
E01002253,Havering 019A
E01002254,Havering 019B
E01002255,Havering 022A
E01002256,Havering 018B
E01002257,Havering 019C
E01002258,Havering 018C
E01002259,Havering 018D
E01002260,Havering 026A
E01002261,Havering 026B
E01002262,Havering 026C
E01002263,Havering 026D
E01002264,Havering 026E
E01002265,Havering 025A
E01002266,Havering 027A
E01002267,Havering 027B
E01002268,Havering 010A
E01002269,Havering 010B
E01002270,Havering 015A
E01002271,Havering 015B
E01002272,Havering 014A
E01002273,Havering 015C
E01002274,Havering 014B
E01002275,Havering 015D
E01002276,Havering 001A
E01002277,Havering 002A
E01002278,Havering 001B
E01002279,Havering 002B
E01002280,Havering 004A
E01002281,Havering 002C
E01002282,Havering 004B
E01002283,Havering 002D
E01002284,Havering 004C
E01002285,Havering 025B
E01002286,Havering 025C
E01002287,Havering 023A
E01002288,Havering 025D
E01002289,Havering 022B
E01002290,Havering 025E
E01002291,Havering 023B
E01002292,Havering 022C
E01002293,Havering 007A
E01002294,Havering 007B
E01002295,Havering 010C
E01002296,Havering 007C
E01002297,Havering 004D
E01002298,Havering 007D
E01002299,Havering 002E
E01002300,Havering 007E
E01002301,Havering 003A
E01002302,Havering 005A
E01002303,Havering 003B
E01002304,Havering 003C
E01002305,Havering 005B
E01002306,Havering 003D
E01002307,Havering 003E
E01002308,Havering 005C
E01002309,Havering 006A
E01002310,Havering 006B
E01002311,Havering 006C
E01002312,Havering 001C
E01002313,Havering 001D
E01002314,Havering 004E
E01002315,Havering 006D
E01002316,Havering 004F
E01002317,Havering 014C
E01002318,Havering 014D
E01002319,Havering 016A
E01002320,Havering 021A
E01002321,Havering 021B
E01002322,Havering 021C
E01002323,Havering 021D
E01002324,Havering 021E
E01002325,Havering 011C
E01002326,Havering 005D
E01002327,Havering 009A
E01002328,Havering 009B
E01002329,Havering 011D
E01002330,Havering 011E
E01002331,Havering 005E
E01002332,Havering 009C
E01002333,Havering 008A
E01002334,Havering 008B
E01002335,Havering 009D
E01002336,Havering 008C
E01002337,Havering 012A
E01002338,Havering 009E
E01002339,Havering 008D
E01002340,Havering 009F
E01002341,Havering 008E
E01002342,Havering 030A
E01002343,Havering 029A
E01002344,Havering 029B
E01002345,Havering 030B
E01002346,Havering 030C
E01002347,Havering 030D
E01002348,Havering 029C
E01002349,Havering 029D
E01002350,Havering 016B
E01002351,Havering 016C
E01002352,Havering 016D
E01002353,Havering 013B
E01002354,Havering 012B
E01002355,Havering 014E
E01002356,Havering 013C
E01002358,Havering 016E
E01002359,Havering 020A
E01002360,Havering 020B
E01002361,Havering 020C
E01002362,Havering 022D
E01002363,Havering 020D
E01002364,Havering 023C
E01002365,Havering 023D
E01002366,Havering 023E
E01002367,Havering 020E
E01002368,Havering 028A
E01002369,Havering 028B
E01002370,Havering 028C
E01002371,Havering 028D
E01002372,Havering 027C
E01002373,Havering 027D
E01002374,Havering 027E
E01002375,Havering 028E
E01002376,Havering 012C
E01002377,Havering 010D
E01002378,Havering 010E
E01002379,Havering 012D
E01002380,Havering 012E
E01002381,Havering 012F
E01002382,Havering 014F
E01002383,Havering 010F
E01002384,Havering 019D
E01002385,Havering 024A
E01002386,Havering 022E
E01002387,Havering 024B
E01002388,Havering 024C
E01002389,Havering 024D
E01002390,Havering 024E
E01002391,Havering 018E
E01002392,Hillingdon 020A
E01002393,Hillingdon 020B
E01002394,Hillingdon 021A
E01002395,Hillingdon 021B
E01002396,Hillingdon 026A
E01002397,Hillingdon 021C
E01002398,Hillingdon 021D
E01002399,Hillingdon 021E
E01002400,Hillingdon 024A
E01002401,Hillingdon 024B
E01002402,Hillingdon 024C
E01002403,Hillingdon 024D
E01002404,Hillingdon 024E
E01002405,Hillingdon 027A
E01002406,Hillingdon 027B
E01002407,Hillingdon 030A
E01002408,Hillingdon 019A
E01002409,Hillingdon 019B
E01002410,Hillingdon 017A
E01002411,Hillingdon 022A
E01002412,Hillingdon 017B
E01002413,Hillingdon 022B
E01002414,Hillingdon 015A
E01002415,Hillingdon 010A
E01002416,Hillingdon 008A
E01002417,Hillingdon 008B
E01002418,Hillingdon 006A
E01002419,Hillingdon 006B
E01002420,Hillingdon 008C
E01002421,Hillingdon 008D
E01002422,Hillingdon 018A
E01002423,Hillingdon 018B
E01002424,Hillingdon 018C
E01002425,Hillingdon 018D
E01002426,Hillingdon 021F
E01002427,Hillingdon 018E
E01002428,Hillingdon 018F
E01002429,Hillingdon 019C
E01002430,Hillingdon 007A
E01002431,Hillingdon 006C
E01002432,Hillingdon 006D
E01002433,Hillingdon 004A
E01002434,Hillingdon 007B
E01002435,Hillingdon 007C
E01002436,Hillingdon 004B
E01002437,Hillingdon 006E
E01002438,Hillingdon 003A
E01002439,Hillingdon 003B
E01002440,Hillingdon 003C
E01002441,Hillingdon 003D
E01002442,Hillingdon 003E
E01002443,Hillingdon 032A
E01002444,Hillingdon 031A
E01002445,Hillingdon 029A
E01002446,Hillingdon 031B
E01002447,Hillingdon 031C
E01002448,Hillingdon 032B
E01002449,Hillingdon 032C
E01002450,Hillingdon 014A
E01002451,Hillingdon 014B
E01002452,Hillingdon 014C
E01002453,Hillingdon 014D
E01002454,Hillingdon 014E
E01002455,Hillingdon 019D
E01002456,Hillingdon 017C
E01002457,Hillingdon 019E
E01002458,Hillingdon 011A
E01002459,Hillingdon 011B
E01002460,Hillingdon 011C
E01002461,Hillingdon 013A
E01002462,Hillingdon 011D
E01002463,Hillingdon 013B
E01002464,Hillingdon 011E
E01002465,Hillingdon 009A
E01002466,Hillingdon 010B
E01002467,Hillingdon 009B
E01002468,Hillingdon 010C
E01002469,Hillingdon 010D
E01002470,Hillingdon 007D
E01002471,Hillingdon 008E
E01002472,Hillingdon 002A
E01002473,Hillingdon 001A
E01002474,Hillingdon 002B
E01002475,Hillingdon 001B
E01002476,Hillingdon 001C
E01002477,Hillingdon 001D
E01002478,Hillingdon 002C
E01002479,Hillingdon 004C
E01002480,Hillingdon 004D
E01002481,Hillingdon 004E
E01002482,Hillingdon 001E
E01002483,Hillingdon 002D
E01002484,Hillingdon 002E
E01002485,Hillingdon 002F
E01002486,Hillingdon 028A
E01002487,Hillingdon 028B
E01002488,Hillingdon 030B
E01002489,Hillingdon 030C
E01002490,Hillingdon 030D
E01002491,Hillingdon 032D
E01002492,Hillingdon 030E
E01002493,Hillingdon 032E
E01002494,Hillingdon 009C
E01002495,Hillingdon 010E
E01002496,Hillingdon 033A
E01002497,Hillingdon 033B
E01002498,Hillingdon 033C
E01002499,Hillingdon 033D
E01002501,Hillingdon 026B
E01002502,Hillingdon 026C
E01002503,Hillingdon 027C
E01002504,Hillingdon 027D
E01002505,Hillingdon 026D
E01002506,Hillingdon 027E
E01002507,Hillingdon 027F
E01002508,Hillingdon 026E
E01002509,Hillingdon 017D
E01002511,Hillingdon 017E
E01002512,Hillingdon 013C
E01002513,Hillingdon 013D
E01002514,Hillingdon 015C
E01002515,Hillingdon 015D
E01002516,Hillingdon 013E
E01002518,Hillingdon 022C
E01002519,Hillingdon 022D
E01002520,Hillingdon 016B
E01002521,Hillingdon 016C
E01002523,Hillingdon 016D
E01002525,Hillingdon 029B
E01002526,Hillingdon 028C
E01002527,Hillingdon 031D
E01002528,Hillingdon 028D
E01002529,Hillingdon 029C
E01002530,Hillingdon 029D
E01002531,Hillingdon 029E
E01002532,Hillingdon 028E
E01002533,Hillingdon 005A
E01002534,Hillingdon 005B
E01002535,Hillingdon 007E
E01002536,Hillingdon 009D
E01002537,Hillingdon 009E
E01002538,Hillingdon 005C
E01002539,Hillingdon 005D
E01002540,Hillingdon 020C
E01002541,Hillingdon 023A
E01002542,Hillingdon 020D
E01002543,Hillingdon 020E
E01002544,Hillingdon 023B
E01002545,Hillingdon 023C
E01002546,Hillingdon 023D
E01002547,Hillingdon 023E
E01002548,Hillingdon 025A
E01002549,Hillingdon 025B
E01002550,Hillingdon 022E
E01002551,Hillingdon 025C
E01002552,Hillingdon 025D
E01002553,Hillingdon 025E
E01002554,Hillingdon 022F
E01002555,Hounslow 022A
E01002556,Hounslow 022B
E01002557,Hounslow 023A
E01002558,Hounslow 023B
E01002559,Hounslow 023C
E01002560,Hounslow 023D
E01002561,Hounslow 023E
E01002562,Hounslow 003A
E01002563,Hounslow 006A
E01002564,Hounslow 003B
E01002565,Hounslow 006B
E01002566,Hounslow 003C
E01002567,Hounslow 006C
E01002568,Hounslow 003D
E01002569,Hounslow 001A
E01002570,Hounslow 001B
E01002571,Hounslow 007A
E01002572,Hounslow 007B
E01002573,Hounslow 001C
E01002574,Hounslow 001D
E01002575,Hounslow 001E
E01002576,Hounslow 008A
E01002577,Hounslow 007C
E01002578,Hounslow 007D
E01002579,Hounslow 008B
E01002580,Hounslow 008C
E01002581,Hounslow 008D
E01002582,Hounslow 008E
E01002583,Hounslow 013A
E01002584,Hounslow 013B
E01002585,Hounslow 013C
E01002586,Hounslow 013D
E01002587,Hounslow 016A
E01002588,Hounslow 016B
E01002589,Hounslow 013E
E01002590,Hounslow 022C
E01002591,Hounslow 024A
E01002592,Hounslow 022D
E01002593,Hounslow 024B
E01002594,Hounslow 024C
E01002595,Hounslow 022E
E01002596,Hounslow 027A
E01002598,Hounslow 025B
E01002599,Hounslow 025C
E01002600,Hounslow 025D
E01002601,Hounslow 027B
E01002602,Hounslow 027C
E01002603,Hounslow 025E
E01002604,Hounslow 026A
E01002605,Hounslow 026B
E01002606,Hounslow 026C
E01002607,Hounslow 026D
E01002608,Hounslow 028A
E01002609,Hounslow 028B
E01002610,Hounslow 028C
E01002611,Hounslow 024D
E01002612,Hounslow 024E
E01002613,Hounslow 024F
E01002614,Hounslow 027D
E01002615,Hounslow 026E
E01002616,Hounslow 027E
E01002617,Hounslow 028D
E01002618,Hounslow 011A
E01002619,Hounslow 010A
E01002620,Hounslow 004A
E01002621,Hounslow 011B
E01002622,Hounslow 010B
E01002623,Hounslow 011C
E01002624,Hounslow 017A
E01002625,Hounslow 004B
E01002626,Hounslow 004C
E01002627,Hounslow 004D
E01002628,Hounslow 011D
E01002629,Hounslow 011E
E01002630,Hounslow 012A
E01002631,Hounslow 004E
E01002632,Hounslow 010C
E01002633,Hounslow 005A
E01002634,Hounslow 005B
E01002635,Hounslow 010D
E01002636,Hounslow 010E
E01002637,Hounslow 005C
E01002638,Hounslow 005D
E01002639,Hounslow 012B
E01002640,Hounslow 012C
E01002641,Hounslow 018A
E01002642,Hounslow 015A
E01002643,Hounslow 015B
E01002645,Hounslow 015C
E01002646,Hounslow 017B
E01002647,Hounslow 021A
E01002648,Hounslow 018C
E01002649,Hounslow 018D
E01002650,Hounslow 021B
E01002651,Hounslow 021C
E01002652,Hounslow 021D
E01002653,Hounslow 019A
E01002654,Hounslow 019B
E01002655,Hounslow 019C
E01002656,Hounslow 019D
E01002657,Hounslow 018E
E01002658,Hounslow 015D
E01002659,Hounslow 019E
E01002660,Hounslow 016C
E01002661,Hounslow 016D
E01002662,Hounslow 017C
E01002663,Hounslow 017D
E01002664,Hounslow 017E
E01002665,Hounslow 016E
E01002666,Hounslow 021E
E01002667,Hounslow 020A
E01002668,Hounslow 014A
E01002669,Hounslow 014B
E01002670,Hounslow 020B
E01002671,Hounslow 020C
E01002672,Hounslow 020D
E01002673,Hounslow 020E
E01002674,Hounslow 012D
E01002675,Hounslow 009A
E01002676,Hounslow 012E
E01002677,Hounslow 015E
E01002678,Hounslow 009B
E01002679,Hounslow 009C
E01002680,Hounslow 009D
E01002681,Hounslow 014C
E01002682,Hounslow 014D
E01002683,Hounslow 014E
E01002684,Hounslow 006D
E01002686,Hounslow 006E
E01002687,Hounslow 029A
E01002689,Hounslow 007E
E01002690,Hounslow 007F
E01002691,Hounslow 029B
E01002692,Hounslow 029C
E01002693,Hounslow 029D
E01002694,Islington 019A
E01002695,Islington 021A
E01002696,Islington 020A
E01002697,Islington 019B
E01002698,Islington 017A
E01002699,Islington 017B
E01002700,Islington 017C
E01002701,Islington 023A
E01002702,Islington 023B
E01002703,Islington 023C
E01002704,Islington 023D
E01002706,Islington 023E
E01002707,Islington 022B
E01002708,Islington 015A
E01002709,Islington 019C
E01002710,Islington 019D
E01002711,Islington 021B
E01002712,Islington 015B
E01002713,Islington 015C
E01002714,Islington 017D
E01002715,Islington 019E
E01002716,Islington 014A
E01002717,Islington 016A
E01002718,Islington 014B
E01002719,Islington 016B
E01002720,Islington 016C
E01002721,Islington 014C
E01002722,Islington 018A
E01002723,Islington 022C
E01002724,Islington 022D
E01002725,Islington 022E
E01002726,Islington 022F
E01002727,Islington 021C
E01002728,Islington 021D
E01002729,Islington 021E
E01002730,Islington 007A
E01002731,Islington 007B
E01002732,Islington 005A
E01002733,Islington 007C
E01002734,Islington 005B
E01002735,Islington 003A
E01002736,Islington 005C
E01002737,Islington 005D
E01002738,Islington 009A
E01002739,Islington 013A
E01002740,Islington 013B
E01002741,Islington 009B
E01002742,Islington 006A
E01002743,Islington 009C
E01002744,Islington 009D
E01002745,Islington 013C
E01002747,Islington 006B
E01002748,Islington 006C
E01002749,Islington 006D
E01002751,Islington 005E
E01002752,Islington 009E
E01002753,Islington 002A
E01002754,Islington 002B
E01002755,Islington 001A
E01002756,Islington 001B
E01002757,Islington 002C
E01002758,Islington 001C
E01002759,Islington 002D
E01002760,Islington 002E
E01002762,Islington 011C
E01002763,Islington 007D
E01002764,Islington 010A
E01002765,Islington 015D
E01002766,Islington 015E
E01002767,Islington 011D
E01002768,Islington 004A
E01002769,Islington 008A
E01002770,Islington 004B
E01002771,Islington 004C
E01002772,Islington 002F
E01002773,Islington 004D
E01002774,Islington 004E
E01002775,Islington 014D
E01002776,Islington 014E
E01002777,Islington 012A
E01002778,Islington 012B
E01002779,Islington 012C
E01002780,Islington 014F
E01002781,Islington 012D
E01002782,Islington 012E
E01002783,Islington 010B
E01002784,Islington 010C
E01002785,Islington 008B
E01002786,Islington 010D
E01002787,Islington 010E
E01002788,Islington 008C
E01002789,Islington 008D
E01002790,Islington 016D
E01002791,Islington 016E
E01002792,Islington 017E
E01002793,Islington 016F
E01002794,Islington 020B
E01002795,Islington 013D
E01002796,Islington 013E
E01002797,Islington 018B
E01002798,Islington 018C
E01002799,Islington 018D
E01002800,Islington 018E
E01002801,Islington 020C
E01002802,Islington 020D
E01002803,Islington 020E
E01002804,Islington 001D
E01002805,Islington 003B
E01002806,Islington 003C
E01002807,Islington 001E
E01002808,Islington 003D
E01002809,Islington 003E
E01002810,Islington 003F
E01002811,Islington 001F
E01002812,Kensington and Chelsea 013A
E01002813,Kensington and Chelsea 011A
E01002814,Kensington and Chelsea 015A
E01002815,Kensington and Chelsea 011B
E01002816,Kensington and Chelsea 011C
E01002817,Kensington and Chelsea 011D
E01002818,Kensington and Chelsea 012A
E01002819,Kensington and Chelsea 012B
E01002820,Kensington and Chelsea 016A
E01002821,Kensington and Chelsea 014A
E01002822,Kensington and Chelsea 016B
E01002823,Kensington and Chelsea 014B
E01002824,Kensington and Chelsea 008A
E01002825,Kensington and Chelsea 008B
E01002826,Kensington and Chelsea 008C
E01002827,Kensington and Chelsea 008D
E01002828,Kensington and Chelsea 008E
E01002829,Kensington and Chelsea 004A
E01002830,Kensington and Chelsea 004B
E01002831,Kensington and Chelsea 004C
E01002832,Kensington and Chelsea 004D
E01002833,Kensington and Chelsea 007A
E01002834,Kensington and Chelsea 013B
E01002835,Kensington and Chelsea 016C
E01002836,Kensington and Chelsea 016D
E01002837,Kensington and Chelsea 016E
E01002838,Kensington and Chelsea 020A
E01002839,Kensington and Chelsea 013C
E01002840,Kensington and Chelsea 021A
E01002841,Kensington and Chelsea 021B
E01002842,Kensington and Chelsea 021C
E01002843,Kensington and Chelsea 021D
E01002844,Kensington and Chelsea 019A
E01002845,Kensington and Chelsea 019B
E01002846,Kensington and Chelsea 017A
E01002847,Kensington and Chelsea 015B
E01002848,Kensington and Chelsea 015C
E01002849,Kensington and Chelsea 017B
E01002850,Kensington and Chelsea 013D
E01002851,Kensington and Chelsea 015D
E01002852,Kensington and Chelsea 001A
E01002853,Kensington and Chelsea 001B
E01002854,Kensington and Chelsea 001C
E01002855,Kensington and Chelsea 001D
E01002856,Kensington and Chelsea 004E
E01002857,Kensington and Chelsea 001E
E01002858,Kensington and Chelsea 014C
E01002859,Kensington and Chelsea 012C
E01002860,Kensington and Chelsea 012D
E01002861,Kensington and Chelsea 014D
E01002862,Kensington and Chelsea 014E
E01002863,Kensington and Chelsea 012E
E01002864,Kensington and Chelsea 009A
E01002865,Kensington and Chelsea 011E
E01002866,Kensington and Chelsea 009B
E01002867,Kensington and Chelsea 009C
E01002868,Kensington and Chelsea 009D
E01002869,Kensington and Chelsea 009E
E01002870,Kensington and Chelsea 005A
E01002871,Kensington and Chelsea 007B
E01002872,Kensington and Chelsea 005B
E01002873,Kensington and Chelsea 007C
E01002874,Kensington and Chelsea 007D
E01002875,Kensington and Chelsea 007E
E01002876,Kensington and Chelsea 003A
E01002877,Kensington and Chelsea 003B
E01002878,Kensington and Chelsea 003C
E01002879,Kensington and Chelsea 005C
E01002880,Kensington and Chelsea 005D
E01002881,Kensington and Chelsea 005E
E01002882,Kensington and Chelsea 006A
E01002883,Kensington and Chelsea 006B
E01002884,Kensington and Chelsea 006C
E01002885,Kensington and Chelsea 006D
E01002886,Kensington and Chelsea 006E
E01002887,Kensington and Chelsea 010A
E01002888,Kensington and Chelsea 013E
E01002889,Kensington and Chelsea 010B
E01002890,Kensington and Chelsea 010C
E01002891,Kensington and Chelsea 010D
E01002892,Kensington and Chelsea 010E
E01002893,Kensington and Chelsea 017C
E01002894,Kensington and Chelsea 017D
E01002895,Kensington and Chelsea 020B
E01002896,Kensington and Chelsea 020C
E01002897,Kensington and Chelsea 020D
E01002898,Kensington and Chelsea 017E
E01002899,Kensington and Chelsea 018A
E01002900,Kensington and Chelsea 018B
E01002901,Kensington and Chelsea 018C
E01002902,Kensington and Chelsea 018D
E01002903,Kensington and Chelsea 018E
E01002904,Kensington and Chelsea 002A
E01002905,Kensington and Chelsea 002B
E01002906,Kensington and Chelsea 002C
E01002907,Kensington and Chelsea 002D
E01002908,Kensington and Chelsea 003D
E01002909,Kensington and Chelsea 003E
E01002910,Kensington and Chelsea 019C
E01002911,Kensington and Chelsea 019D
E01002912,Kensington and Chelsea 020E
E01002913,Kensington and Chelsea 021E
E01002914,Kensington and Chelsea 019E
E01002915,Kingston upon Thames 014A
E01002916,Kingston upon Thames 014B
E01002917,Kingston upon Thames 014C
E01002918,Kingston upon Thames 017A
E01002919,Kingston upon Thames 017B
E01002920,Kingston upon Thames 014D
E01002921,Kingston upon Thames 011A
E01002922,Kingston upon Thames 010A
E01002923,Kingston upon Thames 013A
E01002924,Kingston upon Thames 014E
E01002925,Kingston upon Thames 013B
E01002926,Kingston upon Thames 010B
E01002927,Kingston upon Thames 008A
E01002928,Kingston upon Thames 008B
E01002929,Kingston upon Thames 007A
E01002930,Kingston upon Thames 007B
E01002931,Kingston upon Thames 007C
E01002932,Kingston upon Thames 006A
E01002933,Kingston upon Thames 004A
E01002934,Kingston upon Thames 004B
E01002935,Kingston upon Thames 003A
E01002937,Kingston upon Thames 004D
E01002938,Kingston upon Thames 003B
E01002939,Kingston upon Thames 018A
E01002940,Kingston upon Thames 020A
E01002941,Kingston upon Thames 018B
E01002942,Kingston upon Thames 018C
E01002943,Kingston upon Thames 020B
E01002944,Kingston upon Thames 019A
E01002945,Kingston upon Thames 019B
E01002946,Kingston upon Thames 019C
E01002947,Kingston upon Thames 019D
E01002948,Kingston upon Thames 020C
E01002949,Kingston upon Thames 020D
E01002950,Kingston upon Thames 020E
E01002951,Kingston upon Thames 003C
E01002952,Kingston upon Thames 002A
E01002953,Kingston upon Thames 002B
E01002954,Kingston upon Thames 003D
E01002955,Kingston upon Thames 002C
E01002956,Kingston upon Thames 002D
E01002957,Kingston upon Thames 003E
E01002958,Kingston upon Thames 008C
E01002959,Kingston upon Thames 002E
E01002960,Kingston upon Thames 006B
E01002961,Kingston upon Thames 008D
E01002962,Kingston upon Thames 006C
E01002963,Kingston upon Thames 007D
E01002964,Kingston upon Thames 005A
E01002965,Kingston upon Thames 009A
E01002966,Kingston upon Thames 010C
E01002967,Kingston upon Thames 009B
E01002968,Kingston upon Thames 009C
E01002969,Kingston upon Thames 005B
E01002970,Kingston upon Thames 006D
E01002971,Kingston upon Thames 005C
E01002972,Kingston upon Thames 005D
E01002973,Kingston upon Thames 006E
E01002974,Kingston upon Thames 005E
E01002975,Kingston upon Thames 012A
E01002976,Kingston upon Thames 015A
E01002977,Kingston upon Thames 012B
E01002978,Kingston upon Thames 015B
E01002979,Kingston upon Thames 015C
E01002980,Kingston upon Thames 012C
E01002981,Kingston upon Thames 012D
E01002982,Kingston upon Thames 015D
E01002983,Kingston upon Thames 015E
E01002984,Kingston upon Thames 012E
E01002985,Kingston upon Thames 007E
E01002986,Kingston upon Thames 008E
E01002987,Kingston upon Thames 011B
E01002988,Kingston upon Thames 011C
E01002989,Kingston upon Thames 011D
E01002990,Kingston upon Thames 009D
E01002991,Kingston upon Thames 009E
E01002992,Kingston upon Thames 010D
E01002993,Kingston upon Thames 013C
E01002994,Kingston upon Thames 016A
E01002995,Kingston upon Thames 013D
E01002996,Kingston upon Thames 016B
E01002997,Kingston upon Thames 016C
E01002998,Kingston upon Thames 016D
E01002999,Kingston upon Thames 013E
E01003000,Kingston upon Thames 017C
E01003001,Kingston upon Thames 017D
E01003002,Kingston upon Thames 016E
E01003003,Kingston upon Thames 017E
E01003004,Kingston upon Thames 018D
E01003005,Kingston upon Thames 018E
E01003006,Kingston upon Thames 001A
E01003007,Kingston upon Thames 001B
E01003008,Kingston upon Thames 001C
E01003009,Kingston upon Thames 001D
E01003010,Kingston upon Thames 001E
E01003011,Kingston upon Thames 004E
E01003013,Lambeth 036A
E01003014,Lambeth 036B
E01003015,Lambeth 002A
E01003016,Lambeth 036C
E01003017,Lambeth 036D
E01003018,Lambeth 020A
E01003019,Lambeth 015A
E01003020,Lambeth 016A
E01003021,Lambeth 021A
E01003022,Lambeth 021B
E01003023,Lambeth 021C
E01003024,Lambeth 021D
E01003025,Lambeth 021E
E01003026,Lambeth 019A
E01003027,Lambeth 019B
E01003028,Lambeth 019C
E01003029,Lambeth 017A
E01003030,Lambeth 019D
E01003031,Lambeth 023A
E01003032,Lambeth 017B
E01003033,Lambeth 019E
E01003034,Lambeth 012A
E01003035,Lambeth 012B
E01003036,Lambeth 012C
E01003037,Lambeth 013A
E01003038,Lambeth 013B
E01003039,Lambeth 013C
E01003040,Lambeth 013D
E01003041,Lambeth 017C
E01003042,Lambeth 013E
E01003043,Lambeth 018A
E01003044,Lambeth 018B
E01003045,Lambeth 011A
E01003046,Lambeth 009A
E01003047,Lambeth 011B
E01003048,Lambeth 009B
E01003049,Lambeth 011C
E01003050,Lambeth 016B
E01003051,Lambeth 018C
E01003052,Lambeth 016C
E01003053,Lambeth 015B
E01003054,Lambeth 015C
E01003055,Lambeth 016D
E01003056,Lambeth 015D
E01003057,Lambeth 017D
E01003058,Lambeth 015E
E01003059,Lambeth 011D
E01003060,Lambeth 011E
E01003061,Lambeth 011F
E01003062,Lambeth 033A
E01003063,Lambeth 033B
E01003064,Lambeth 028A
E01003065,Lambeth 031A
E01003066,Lambeth 028B
E01003067,Lambeth 033C
E01003068,Lambeth 031B
E01003069,Lambeth 033D
E01003070,Lambeth 033E
E01003071,Lambeth 018D
E01003072,Lambeth 014A
E01003073,Lambeth 014B
E01003074,Lambeth 018E
E01003075,Lambeth 009C
E01003076,Lambeth 014C
E01003077,Lambeth 014D
E01003078,Lambeth 014E
E01003079,Lambeth 027A
E01003080,Lambeth 027B
E01003081,Lambeth 028C
E01003082,Lambeth 031C
E01003083,Lambeth 030A
E01003084,Lambeth 030B
E01003085,Lambeth 030C
E01003086,Lambeth 031D
E01003087,Lambeth 031E
E01003088,Lambeth 010A
E01003089,Lambeth 008A
E01003090,Lambeth 012D
E01003091,Lambeth 008B
E01003092,Lambeth 008C
E01003093,Lambeth 010B
E01003094,Lambeth 010C
E01003095,Lambeth 012E
E01003096,Lambeth 010D
E01003097,Lambeth 006A
E01003098,Lambeth 005A
E01003099,Lambeth 005B
E01003100,Lambeth 005C
E01003101,Lambeth 003A
E01003102,Lambeth 004A
E01003104,Lambeth 004C
E01003105,Lambeth 003B
E01003106,Lambeth 003C
E01003107,Lambeth 003D
E01003108,Lambeth 002B
E01003109,Lambeth 003E
E01003110,Lambeth 002C
E01003111,Lambeth 002D
E01003112,Lambeth 002E
E01003113,Lambeth 032A
E01003114,Lambeth 032B
E01003115,Lambeth 034A
E01003116,Lambeth 029A
E01003117,Lambeth 029B
E01003118,Lambeth 029C
E01003119,Lambeth 032C
E01003120,Lambeth 032D
E01003121,Lambeth 006B
E01003122,Lambeth 004D
E01003123,Lambeth 006C
E01003124,Lambeth 006D
E01003125,Lambeth 006E
E01003126,Lambeth 008D
E01003127,Lambeth 010E
E01003128,Lambeth 008E
E01003129,Lambeth 004E
E01003130,Lambeth 026A
E01003131,Lambeth 026B
E01003132,Lambeth 024A
E01003133,Lambeth 027C
E01003134,Lambeth 027D
E01003135,Lambeth 026C
E01003136,Lambeth 022A
E01003137,Lambeth 022B
E01003138,Lambeth 026D
E01003139,Lambeth 035A
E01003140,Lambeth 035B
E01003141,Lambeth 034B
E01003142,Lambeth 035C
E01003143,Lambeth 035D
E01003144,Lambeth 034C
E01003145,Lambeth 034D
E01003146,Lambeth 035E
E01003147,Lambeth 034E
E01003148,Lambeth 032E
E01003149,Lambeth 030D
E01003150,Lambeth 032F
E01003151,Lambeth 026E
E01003152,Lambeth 027E
E01003153,Lambeth 029D
E01003154,Lambeth 030E
E01003155,Lambeth 029E
E01003156,Lambeth 023B
E01003157,Lambeth 023C
E01003158,Lambeth 023D
E01003159,Lambeth 022C
E01003160,Lambeth 022D
E01003161,Lambeth 023E
E01003162,Lambeth 022E
E01003163,Lambeth 023F
E01003164,Lambeth 025A
E01003165,Lambeth 025B
E01003166,Lambeth 028D
E01003167,Lambeth 028E
E01003168,Lambeth 025C
E01003169,Lambeth 025D
E01003170,Lambeth 025E
E01003171,Lambeth 020B
E01003172,Lambeth 024B
E01003173,Lambeth 020C
E01003174,Lambeth 024C
E01003175,Lambeth 024D
E01003176,Lambeth 016E
E01003177,Lambeth 020D
E01003178,Lambeth 020E
E01003179,Lambeth 024E
E01003180,Lambeth 005D
E01003181,Lambeth 007A
E01003182,Lambeth 009D
E01003183,Lambeth 005E
E01003184,Lambeth 007B
E01003185,Lambeth 007C
E01003186,Lambeth 007D
E01003187,Lambeth 007E
E01003188,Lambeth 009E
E01003189,Lewisham 034A
E01003190,Lewisham 034B
E01003191,Lewisham 034C
E01003192,Lewisham 034D
E01003193,Lewisham 029A
E01003194,Lewisham 029B
E01003195,Lewisham 029C
E01003196,Lewisham 029D
E01003197,Lewisham 029E
E01003198,Lewisham 009A
E01003199,Lewisham 007A
E01003200,Lewisham 009B
E01003201,Lewisham 007B
E01003202,Lewisham 009C
E01003203,Lewisham 009D
E01003204,Lewisham 007C
E01003205,Lewisham 007D
E01003206,Lewisham 007E
E01003207,Lewisham 005A
E01003209,Lewisham 005B
E01003210,Lewisham 005C
E01003211,Lewisham 008B
E01003212,Lewisham 005D
E01003213,Lewisham 008C
E01003214,Lewisham 008D
E01003215,Lewisham 005E
E01003216,Lewisham 025A
E01003217,Lewisham 022A
E01003218,Lewisham 022B
E01003219,Lewisham 025B
E01003220,Lewisham 022C
E01003221,Lewisham 025C
E01003222,Lewisham 022D
E01003223,Lewisham 025D
E01003224,Lewisham 022E
E01003225,Lewisham 015A
E01003226,Lewisham 019A
E01003227,Lewisham 019B
E01003228,Lewisham 019C
E01003229,Lewisham 019D
E01003230,Lewisham 019E
E01003231,Lewisham 015B
E01003232,Lewisham 015C
E01003233,Lewisham 015D
E01003235,Lewisham 038A
E01003236,Lewisham 037A
E01003237,Lewisham 037B
E01003238,Lewisham 037C
E01003239,Lewisham 037D
E01003240,Lewisham 038B
E01003241,Lewisham 038C
E01003243,Lewisham 038D
E01003244,Lewisham 001A
E01003245,Lewisham 001B
E01003246,Lewisham 002A
E01003247,Lewisham 001C
E01003248,Lewisham 002B
E01003249,Lewisham 001D
E01003250,Lewisham 001E
E01003251,Lewisham 002C
E01003252,Lewisham 002D
E01003253,Lewisham 002E
E01003254,Lewisham 021A
E01003255,Lewisham 021B
E01003256,Lewisham 028A
E01003257,Lewisham 028B
E01003258,Lewisham 028C
E01003259,Lewisham 028D
E01003260,Lewisham 021C
E01003261,Lewisham 021D
E01003262,Lewisham 021E
E01003263,Lewisham 023A
E01003264,Lewisham 031A
E01003265,Lewisham 031B
E01003266,Lewisham 031C
E01003267,Lewisham 031D
E01003268,Lewisham 023B
E01003269,Lewisham 023C
E01003270,Lewisham 023D
E01003271,Lewisham 023E
E01003272,Lewisham 014A
E01003273,Lewisham 011A
E01003274,Lewisham 014B
E01003275,Lewisham 014C
E01003276,Lewisham 014D
E01003277,Lewisham 011B
E01003278,Lewisham 011C
E01003279,Lewisham 011D
E01003280,Lewisham 016A
E01003281,Lewisham 016B
E01003282,Lewisham 013A
E01003283,Lewisham 013B
E01003284,Lewisham 013C
E01003285,Lewisham 016C
E01003286,Lewisham 013D
E01003287,Lewisham 016D
E01003288,Lewisham 012A
E01003290,Lewisham 012C
E01003291,Lewisham 012D
E01003292,Lewisham 017A
E01003293,Lewisham 017B
E01003295,Lewisham 017D
E01003296,Lewisham 012E
E01003297,Lewisham 003A
E01003298,Lewisham 039A
E01003299,Lewisham 003B
E01003300,Lewisham 039B
E01003301,Lewisham 003C
E01003302,Lewisham 003D
E01003303,Lewisham 039C
E01003304,Lewisham 039D
E01003305,Lewisham 003E
E01003307,Lewisham 024A
E01003308,Lewisham 024B
E01003309,Lewisham 027A
E01003310,Lewisham 027B
E01003311,Lewisham 027C
E01003312,Lewisham 027D
E01003313,Lewisham 027E
E01003314,Lewisham 024C
E01003315,Lewisham 024D
E01003316,Lewisham 024E
E01003317,Lewisham 020A
E01003318,Lewisham 020B
E01003319,Lewisham 018A
E01003320,Lewisham 018B
E01003321,Lewisham 020C
E01003322,Lewisham 020D
E01003323,Lewisham 018C
E01003324,Lewisham 020E
E01003325,Lewisham 018D
E01003326,Lewisham 035A
E01003327,Lewisham 035B
E01003328,Lewisham 035C
E01003329,Lewisham 033A
E01003330,Lewisham 033B
E01003331,Lewisham 033C
E01003332,Lewisham 033D
E01003333,Lewisham 035D
E01003334,Lewisham 033E
E01003335,Lewisham 035E
E01003336,Lewisham 010A
E01003337,Lewisham 010B
E01003338,Lewisham 006A
E01003339,Lewisham 006B
E01003340,Lewisham 006C
E01003341,Lewisham 006D
E01003342,Lewisham 010C
E01003343,Lewisham 006E
E01003344,Lewisham 010D
E01003345,Lewisham 010E
E01003346,Lewisham 026A
E01003347,Lewisham 030A
E01003348,Lewisham 030B
E01003349,Lewisham 026B
E01003350,Lewisham 030C
E01003351,Lewisham 026C
E01003352,Lewisham 030D
E01003353,Lewisham 030E
E01003354,Lewisham 026D
E01003355,Merton 009A
E01003356,Merton 009B
E01003357,Merton 012A
E01003358,Merton 009C
E01003359,Merton 006A
E01003360,Merton 006B
E01003361,Merton 015A
E01003362,Merton 021A
E01003363,Merton 021B
E01003364,Merton 021C
E01003365,Merton 021D
E01003366,Merton 016A
E01003367,Merton 005A
E01003368,Merton 008A
E01003369,Merton 005B
E01003370,Merton 005C
E01003371,Merton 005D
E01003372,Merton 008B
E01003373,Merton 018A
E01003374,Merton 022A
E01003375,Merton 022B
E01003376,Merton 012B
E01003377,Merton 012C
E01003378,Merton 018B
E01003379,Merton 018C
E01003380,Merton 011A
E01003381,Merton 016B
E01003382,Merton 011B
E01003383,Merton 009D
E01003384,Merton 009E
E01003385,Merton 011C
E01003386,Merton 013A
E01003387,Merton 014A
E01003388,Merton 013B
E01003389,Merton 013C
E01003390,Merton 018D
E01003391,Merton 014B
E01003392,Merton 013D
E01003393,Merton 008C
E01003394,Merton 007A
E01003395,Merton 007B
E01003396,Merton 007C
E01003397,Merton 007D
E01003398,Merton 007E
E01003399,Merton 011D
E01003400,Merton 003A
E01003401,Merton 004A
E01003402,Merton 004B
E01003403,Merton 004C
E01003404,Merton 004D
E01003405,Merton 018E
E01003406,Merton 008D
E01003407,Merton 008E
E01003408,Merton 012D
E01003409,Merton 013E
E01003410,Merton 012E
E01003411,Merton 014C
E01003412,Merton 014D
E01003413,Merton 017A
E01003414,Merton 017B
E01003415,Merton 017C
E01003416,Merton 017D
E01003417,Merton 025A
E01003418,Merton 025B
E01003419,Merton 025C
E01003420,Merton 025D
E01003421,Merton 021E
E01003422,Merton 025E
E01003423,Merton 011E
E01003424,Merton 015B
E01003425,Merton 015C
E01003426,Merton 015D
E01003427,Merton 023A
E01003428,Merton 015E
E01003429,Merton 019A
E01003430,Merton 019B
E01003431,Merton 019C
E01003432,Merton 019D
E01003433,Merton 019E
E01003434,Merton 017E
E01003435,Merton 014E
E01003436,Merton 023B
E01003437,Merton 022C
E01003438,Merton 024A
E01003439,Merton 023C
E01003440,Merton 022D
E01003441,Merton 022E
E01003442,Merton 010A
E01003443,Merton 010B
E01003444,Merton 010C
E01003445,Merton 010D
E01003446,Merton 016C
E01003447,Merton 016D
E01003448,Merton 023D
E01003449,Merton 024B
E01003450,Merton 024C
E01003451,Merton 024D
E01003452,Merton 024E
E01003453,Merton 023E
E01003454,Merton 003B
E01003455,Merton 005E
E01003456,Merton 003C
E01003457,Merton 006C
E01003458,Merton 006D
E01003459,Merton 006E
E01003460,Merton 002A
E01003461,Merton 004E
E01003462,Merton 002B
E01003463,Merton 010E
E01003464,Merton 002C
E01003465,Merton 002D
E01003466,Merton 020A
E01003467,Merton 020B
E01003468,Merton 020C
E01003469,Merton 020D
E01003470,Merton 020E
E01003471,Merton 016E
E01003472,Merton 001A
E01003473,Merton 001B
E01003474,Merton 001C
E01003475,Merton 001D
E01003476,Merton 003D
E01003477,Merton 003E
E01003478,Merton 001E
E01003479,Newham 035A
E01003480,Newham 033A
E01003481,Newham 035B
E01003482,Newham 033B
E01003483,Newham 032A
E01003484,Newham 032B
E01003485,Newham 035C
E01003486,Newham 033C
E01003487,Newham 033D
E01003488,Newham 019A
E01003489,Newham 019B
E01003490,Newham 019C
E01003491,Newham 022A
E01003492,Newham 025A
E01003493,Newham 025B
E01003494,Newham 025C
E01003495,Newham 025D
E01003496,Newham 027A
E01003497,Newham 034A
E01003498,Newham 027B
E01003499,Newham 030A
E01003500,Newham 027C
E01003501,Newham 030B
E01003502,Newham 030C
E01003503,Newham 030D
E01003506,Newham 034D
E01003507,Newham 031A
E01003508,Newham 031B
E01003509,Newham 031C
E01003511,Newham 036A
E01003512,Newham 036B
E01003513,Newham 035D
E01003514,Newham 036C
E01003515,Newham 036D
E01003516,Newham 032C
E01003517,Newham 036E
E01003518,Newham 032D
E01003519,Newham 032E
E01003520,Newham 018A
E01003521,Newham 018B
E01003522,Newham 018C
E01003523,Newham 024A
E01003524,Newham 019D
E01003525,Newham 018D
E01003526,Newham 018E
E01003527,Newham 024B
E01003528,Newham 005A
E01003529,Newham 010A
E01003530,Newham 010B
E01003531,Newham 010C
E01003532,Newham 010D
E01003533,Newham 011A
E01003534,Newham 010E
E01003535,Newham 023A
E01003536,Newham 023B
E01003537,Newham 024C
E01003538,Newham 029A
E01003539,Newham 029B
E01003540,Newham 029C
E01003541,Newham 029D
E01003542,Newham 024D
E01003543,Newham 001A
E01003544,Newham 001B
E01003545,Newham 006A
E01003546,Newham 001C
E01003547,Newham 007A
E01003548,Newham 006B
E01003549,Newham 006C
E01003550,Newham 001D
E01003551,Newham 009A
E01003552,Newham 016A
E01003553,Newham 009B
E01003554,Newham 009C
E01003555,Newham 007B
E01003556,Newham 008A
E01003557,Newham 006D
E01003558,Newham 008B
E01003559,Newham 009D
E01003560,Newham 011B
E01003561,Newham 007C
E01003562,Newham 014A
E01003563,Newham 011C
E01003564,Newham 014B
E01003565,Newham 014C
E01003566,Newham 014D
E01003567,Newham 007D
E01003568,Newham 017A
E01003569,Newham 017B
E01003570,Newham 008C
E01003571,Newham 008D
E01003572,Newham 008E
E01003573,Newham 017C
E01003574,Newham 017D
E01003575,Newham 005B
E01003576,Newham 002A
E01003577,Newham 005C
E01003578,Newham 003A
E01003579,Newham 004A
E01003580,Newham 005D
E01003581,Newham 002B
E01003582,Newham 002C
E01003583,Newham 002D
E01003584,Newham 003B
E01003585,Newham 004B
E01003586,Newham 003C
E01003587,Newham 004C
E01003588,Newham 011D
E01003589,Newham 011E
E01003590,Newham 003D
E01003591,Newham 004D
E01003592,Newham 022B
E01003593,Newham 027D
E01003594,Newham 026A
E01003595,Newham 026B
E01003596,Newham 016B
E01003597,Newham 016C
E01003598,Newham 021A
E01003599,Newham 022C
E01003600,Newham 021B
E01003601,Newham 028A
E01003602,Newham 026C
E01003603,Newham 028B
E01003604,Newham 031D
E01003605,Newham 028C
E01003606,Newham 022D
E01003607,Newham 026D
E01003608,Newham 028D
E01003609,Newham 037A
E01003611,Newham 037C
E01003615,Newham 013C
E01003616,Newham 012A
E01003617,Newham 012B
E01003618,Newham 012C
E01003619,Newham 012D
E01003621,Newham 023C
E01003622,Newham 023D
E01003623,Newham 023E
E01003624,Newham 024E
E01003625,Newham 015A
E01003626,Newham 015B
E01003627,Newham 015C
E01003628,Newham 015D
E01003629,Newham 015E
E01003630,Newham 021C
E01003631,Newham 020A
E01003632,Newham 020B
E01003633,Newham 020C
E01003634,Newham 020D
E01003635,Newham 016D
E01003636,Newham 020E
E01003637,Newham 021D
E01003638,Redbridge 017A
E01003639,Redbridge 013A
E01003640,Redbridge 013B
E01003641,Redbridge 013C
E01003642,Redbridge 013D
E01003643,Redbridge 017B
E01003644,Redbridge 017C
E01003645,Redbridge 017D
E01003646,Redbridge 012A
E01003647,Redbridge 015A
E01003648,Redbridge 012B
E01003649,Redbridge 012C
E01003650,Redbridge 015B
E01003651,Redbridge 012D
E01003652,Redbridge 015C
E01003653,Redbridge 015D
E01003654,Redbridge 004A
E01003655,Redbridge 004B
E01003656,Redbridge 005A
E01003657,Redbridge 005B
E01003658,Redbridge 004C
E01003659,Redbridge 005C
E01003660,Redbridge 004D
E01003661,Redbridge 019A
E01003662,Redbridge 019B
E01003663,Redbridge 019C
E01003664,Redbridge 019D
E01003665,Redbridge 019E
E01003666,Redbridge 019F
E01003668,Redbridge 007A
E01003669,Redbridge 007B
E01003670,Redbridge 007C
E01003671,Redbridge 007D
E01003672,Redbridge 007E
E01003673,Redbridge 007F
E01003674,Redbridge 007G
E01003675,Redbridge 036A
E01003676,Redbridge 036B
E01003677,Redbridge 036C
E01003678,Redbridge 036D
E01003679,Redbridge 036E
E01003680,Redbridge 036F
E01003681,Redbridge 036G
E01003682,Redbridge 036H
E01003683,Redbridge 030A
E01003684,Redbridge 030B
E01003685,Redbridge 030C
E01003686,Redbridge 030D
E01003688,Redbridge 030F
E01003689,Redbridge 030G
E01003690,Redbridge 035A
E01003691,Redbridge 035B
E01003692,Redbridge 035C
E01003693,Redbridge 035D
E01003694,Redbridge 035E
E01003695,Redbridge 035F
E01003696,Redbridge 035G
E01003697,Redbridge 035H
E01003698,Redbridge 006A
E01003699,Redbridge 006B
E01003700,Redbridge 006C
E01003701,Redbridge 006D
E01003702,Redbridge 006E
E01003703,Redbridge 006F
E01003704,Redbridge 006G
E01003705,Redbridge 010A
E01003706,Redbridge 010B
E01003707,Redbridge 008A
E01003708,Redbridge 008B
E01003709,Redbridge 008C
E01003710,Redbridge 008D
E01003711,Redbridge 010C
E01003712,Redbridge 010D
E01003713,Redbridge 034A
E01003714,Redbridge 034B
E01003715,Redbridge 034C
E01003716,Redbridge 034D
E01003718,Redbridge 034E
E01003719,Redbridge 034F
E01003720,Redbridge 002A
E01003721,Redbridge 003A
E01003722,Redbridge 002B
E01003723,Redbridge 002C
E01003724,Redbridge 003B
E01003725,Redbridge 003C
E01003726,Redbridge 002D
E01003727,Redbridge 003D
E01003728,Redbridge 032A
E01003729,Redbridge 032B
E01003730,Redbridge 032C
E01003731,Redbridge 033A
E01003732,Redbridge 032D
E01003733,Redbridge 032E
E01003734,Redbridge 033B
E01003735,Redbridge 033C
E01003736,Redbridge 033D
E01003737,Redbridge 031A
E01003738,Redbridge 031B
E01003739,Redbridge 031C
E01003740,Redbridge 031D
E01003741,Redbridge 031E
E01003742,Redbridge 031F
E01003743,Redbridge 031G
E01003744,Redbridge 001A
E01003745,Redbridge 001B
E01003746,Redbridge 001C
E01003747,Redbridge 001D
E01003748,Redbridge 001E
E01003749,Redbridge 001F
E01003750,Redbridge 001G
E01003751,Redbridge 020A
E01003752,Redbridge 023A
E01003753,Redbridge 020B
E01003754,Redbridge 020C
E01003755,Redbridge 023B
E01003756,Redbridge 023C
E01003757,Redbridge 020D
E01003758,Redbridge 023D
E01003759,Redbridge 009A
E01003760,Redbridge 009B
E01003761,Redbridge 009C
E01003762,Redbridge 009D
E01003763,Redbridge 009E
E01003764,Redbridge 009F
E01003765,Redbridge 009G
E01003766,Redbridge 024A
E01003767,Redbridge 024B
E01003768,Redbridge 024C
E01003769,Redbridge 022A
E01003770,Redbridge 022B
E01003771,Redbridge 022C
E01003772,Redbridge 024D
E01003773,Redbridge 022D
E01003774,Redbridge 014A
E01003775,Redbridge 014B
E01003776,Redbridge 014C
E01003777,Redbridge 014D
E01003778,Redbridge 014E
E01003779,Redbridge 014F
E01003780,Redbridge 014G
E01003781,Redbridge 026A
E01003782,Redbridge 026B
E01003783,Redbridge 029A
E01003784,Redbridge 029B
E01003785,Redbridge 029C
E01003786,Redbridge 026C
E01003787,Redbridge 026D
E01003788,Redbridge 029D
E01003789,Redbridge 018A
E01003790,Redbridge 027A
E01003791,Redbridge 027B
E01003792,Redbridge 027C
E01003793,Redbridge 027D
E01003794,Redbridge 018B
E01003795,Redbridge 018C
E01003796,Redbridge 018D
E01003797,Richmond upon Thames 001A
E01003798,Richmond upon Thames 001B
E01003799,Richmond upon Thames 001C
E01003800,Richmond upon Thames 001D
E01003801,Richmond upon Thames 001E
E01003802,Richmond upon Thames 001F
E01003803,Richmond upon Thames 001G
E01003804,Richmond upon Thames 005A
E01003805,Richmond upon Thames 012A
E01003806,Richmond upon Thames 012B
E01003807,Richmond upon Thames 005B
E01003808,Richmond upon Thames 005C
E01003809,Richmond upon Thames 005D
E01003810,Richmond upon Thames 019A
E01003811,Richmond upon Thames 018A
E01003812,Richmond upon Thames 018B
E01003813,Richmond upon Thames 019B
E01003814,Richmond upon Thames 019C
E01003815,Richmond upon Thames 019D
E01003816,Richmond upon Thames 012C
E01003817,Richmond upon Thames 012D
E01003818,Richmond upon Thames 017A
E01003819,Richmond upon Thames 017B
E01003820,Richmond upon Thames 017C
E01003821,Richmond upon Thames 008A
E01003822,Richmond upon Thames 023A
E01003823,Richmond upon Thames 023B
E01003824,Richmond upon Thames 023C
E01003825,Richmond upon Thames 023D
E01003826,Richmond upon Thames 023E
E01003827,Richmond upon Thames 023F
E01003828,Richmond upon Thames 020A
E01003829,Richmond upon Thames 020B
E01003830,Richmond upon Thames 020C
E01003831,Richmond upon Thames 020D
E01003832,Richmond upon Thames 020E
E01003833,Richmond upon Thames 020F
E01003834,Richmond upon Thames 022A
E01003835,Richmond upon Thames 022B
E01003836,Richmond upon Thames 022C
E01003837,Richmond upon Thames 022D
E01003838,Richmond upon Thames 022E
E01003839,Richmond upon Thames 022F
E01003840,Richmond upon Thames 013A
E01003841,Richmond upon Thames 013B
E01003842,Richmond upon Thames 013C
E01003843,Richmond upon Thames 013D
E01003844,Richmond upon Thames 013E
E01003845,Richmond upon Thames 013F
E01003846,Richmond upon Thames 002A
E01003847,Richmond upon Thames 002B
E01003848,Richmond upon Thames 004A
E01003849,Richmond upon Thames 002C
E01003851,Richmond upon Thames 002D
E01003852,Richmond upon Thames 003A
E01003853,Richmond upon Thames 003B
E01003854,Richmond upon Thames 003C
E01003855,Richmond upon Thames 003D
E01003856,Richmond upon Thames 003E
E01003857,Richmond upon Thames 003F
E01003858,Richmond upon Thames 003G
E01003859,Richmond upon Thames 005E
E01003860,Richmond upon Thames 002E
E01003861,Richmond upon Thames 004C
E01003862,Richmond upon Thames 004D
E01003863,Richmond upon Thames 004E
E01003864,Richmond upon Thames 002F
E01003865,Richmond upon Thames 004F
E01003866,Richmond upon Thames 007A
E01003867,Richmond upon Thames 011A
E01003868,Richmond upon Thames 007B
E01003869,Richmond upon Thames 011B
E01003870,Richmond upon Thames 011C
E01003871,Richmond upon Thames 007C
E01003872,Richmond upon Thames 007D
E01003873,Richmond upon Thames 006A
E01003874,Richmond upon Thames 006B
E01003875,Richmond upon Thames 006C
E01003876,Richmond upon Thames 008B
E01003877,Richmond upon Thames 008C
E01003878,Richmond upon Thames 006D
E01003879,Richmond upon Thames 008D
E01003880,Richmond upon Thames 016A
E01003881,Richmond upon Thames 016B
E01003882,Richmond upon Thames 014A
E01003883,Richmond upon Thames 014B
E01003884,Richmond upon Thames 016C
E01003885,Richmond upon Thames 016D
E01003886,Richmond upon Thames 021A
E01003887,Richmond upon Thames 021B
E01003888,Richmond upon Thames 021C
E01003889,Richmond upon Thames 021D
E01003890,Richmond upon Thames 018C
E01003891,Richmond upon Thames 018D
E01003892,Richmond upon Thames 009A
E01003893,Richmond upon Thames 009B
E01003894,Richmond upon Thames 009C
E01003895,Richmond upon Thames 009D
E01003896,Richmond upon Thames 014C
E01003897,Richmond upon Thames 014D
E01003898,Richmond upon Thames 015A
E01003899,Richmond upon Thames 015B
E01003900,Richmond upon Thames 015C
E01003901,Richmond upon Thames 015D
E01003902,Richmond upon Thames 015E
E01003903,Richmond upon Thames 015F
E01003904,Richmond upon Thames 015G
E01003905,Richmond upon Thames 010A
E01003906,Richmond upon Thames 010B
E01003907,Richmond upon Thames 010C
E01003908,Richmond upon Thames 010D
E01003909,Richmond upon Thames 010E
E01003910,Richmond upon Thames 011D
E01003911,Southwark 020A
E01003912,Southwark 019A
E01003913,Southwark 024A
E01003914,Southwark 024B
E01003915,Southwark 024C
E01003916,Southwark 020B
E01003917,Southwark 020C
E01003918,Southwark 020D
E01003919,Southwark 021A
E01003920,Southwark 021B
E01003921,Southwark 021C
E01003922,Southwark 021D
E01003923,Southwark 017A
E01003924,Southwark 021E
E01003925,Southwark 020E
E01003926,Southwark 021F
E01003927,Southwark 002A
E01003929,Southwark 002B
E01003930,Southwark 034A
E01003932,Southwark 034B
E01003933,Southwark 034C
E01003934,Southwark 002C
E01003935,Southwark 002D
E01003936,Southwark 009A
E01003937,Southwark 009B
E01003938,Southwark 006A
E01003939,Southwark 002E
E01003940,Southwark 006B
E01003941,Southwark 006C
E01003942,Southwark 006D
E01003943,Southwark 009C
E01003945,Southwark 033A
E01003946,Southwark 033B
E01003947,Southwark 033C
E01003948,Southwark 033D
E01003949,Southwark 032A
E01003950,Southwark 032B
E01003951,Southwark 033E
E01003952,Southwark 030A
E01003953,Southwark 028A
E01003954,Southwark 030B
E01003955,Southwark 028B
E01003956,Southwark 030C
E01003957,Southwark 032C
E01003958,Southwark 032D
E01003960,Southwark 012A
E01003961,Southwark 012B
E01003963,Southwark 016A
E01003964,Southwark 015A
E01003966,Southwark 015B
E01003967,Southwark 016B
E01003968,Southwark 015C
E01003969,Southwark 017B
E01003970,Southwark 016C
E01003971,Southwark 015D
E01003972,Southwark 016D
E01003973,Southwark 016E
E01003974,Southwark 015E
E01003975,Southwark 004A
E01003976,Southwark 003A
E01003977,Southwark 010A
E01003978,Southwark 004B
E01003979,Southwark 006E
E01003980,Southwark 013A
E01003981,Southwark 006F
E01003983,Southwark 018A
E01003984,Southwark 023A
E01003986,Southwark 011A
E01003987,Southwark 011B
E01003988,Southwark 018B
E01003989,Southwark 018C
E01003990,Southwark 018D
E01003991,Southwark 017C
E01003992,Southwark 014A
E01003993,Southwark 017D
E01003994,Southwark 012E
E01003995,Southwark 014B
E01003997,Southwark 017E
E01003998,Southwark 014D
E01003999,Southwark 014E
E01004000,Southwark 026A
E01004001,Southwark 026B
E01004002,Southwark 029A
E01004003,Southwark 023B
E01004004,Southwark 023C
E01004005,Southwark 023D
E01004006,Southwark 023E
E01004007,Southwark 018E
E01004008,Southwark 022B
E01004010,Southwark 022D
E01004011,Southwark 019B
E01004012,Southwark 019C
E01004013,Southwark 019D
E01004014,Southwark 019E
E01004015,Southwark 028C
E01004016,Southwark 029B
E01004017,Southwark 029C
E01004018,Southwark 032E
E01004019,Southwark 026C
E01004020,Southwark 029D
E01004021,Southwark 028D
E01004022,Southwark 004C
E01004023,Southwark 004D
E01004024,Southwark 011C
E01004027,Southwark 003E
E01004028,Southwark 004E
E01004029,Southwark 001A
E01004030,Southwark 007A
E01004031,Southwark 007B
E01004032,Southwark 001B
E01004033,Southwark 007C
E01004034,Southwark 007D
E01004035,Southwark 011D
E01004036,Southwark 007E
E01004037,Southwark 010B
E01004038,Southwark 010C
E01004039,Southwark 013B
E01004040,Southwark 013C
E01004041,Southwark 013D
E01004042,Southwark 010D
E01004043,Southwark 010E
E01004044,Southwark 013E
E01004045,Southwark 027A
E01004046,Southwark 028E
E01004047,Southwark 027B
E01004048,Southwark 027C
E01004049,Southwark 027D
E01004050,Southwark 024D
E01004051,Southwark 027E
E01004052,Southwark 024E
E01004053,Southwark 001C
E01004054,Southwark 001D
E01004055,Southwark 001E
E01004056,Southwark 008A
E01004057,Southwark 008B
E01004058,Southwark 008C
E01004059,Southwark 008D
E01004060,Southwark 008E
E01004061,Southwark 025A
E01004062,Southwark 025B
E01004063,Southwark 025C
E01004064,Southwark 026D
E01004065,Southwark 025D
E01004066,Southwark 025E
E01004067,Southwark 022E
E01004068,Southwark 026E
E01004069,Southwark 031A
E01004070,Southwark 031B
E01004071,Southwark 030D
E01004072,Southwark 030E
E01004073,Southwark 031C
E01004074,Southwark 031D
E01004075,Southwark 031E
E01004076,Sutton 011A
E01004077,Sutton 011B
E01004078,Sutton 011C
E01004079,Sutton 011D
E01004080,Sutton 011E
E01004081,Sutton 011F
E01004082,Sutton 011G
E01004083,Sutton 019A
E01004084,Sutton 024A
E01004085,Sutton 024B
E01004086,Sutton 019B
E01004087,Sutton 017A
E01004088,Sutton 019C
E01004089,Sutton 019D
E01004090,Sutton 021A
E01004091,Sutton 022A
E01004092,Sutton 022B
E01004093,Sutton 025A
E01004094,Sutton 025B
E01004095,Sutton 025C
E01004096,Sutton 021B
E01004097,Sutton 015A
E01004098,Sutton 015B
E01004099,Sutton 015C
E01004100,Sutton 015D
E01004101,Sutton 013A
E01004102,Sutton 015E
E01004103,Sutton 013B
E01004104,Sutton 020A
E01004105,Sutton 022C
E01004106,Sutton 022D
E01004107,Sutton 020B
E01004108,Sutton 024C
E01004109,Sutton 024D
E01004110,Sutton 016A
E01004111,Sutton 016B
E01004112,Sutton 016C
E01004114,Sutton 025D
E01004115,Sutton 009A
E01004116,Sutton 008A
E01004117,Sutton 006A
E01004118,Sutton 009B
E01004119,Sutton 009C
E01004120,Sutton 016D
E01004121,Sutton 006B
E01004122,Sutton 008B
E01004123,Sutton 002A
E01004124,Sutton 002B
E01004125,Sutton 001A
E01004126,Sutton 002C
E01004127,Sutton 005A
E01004128,Sutton 002D
E01004129,Sutton 002E
E01004130,Sutton 003A
E01004131,Sutton 003B
E01004132,Sutton 009D
E01004133,Sutton 009E
E01004134,Sutton 003C
E01004135,Sutton 003D
E01004136,Sutton 003E
E01004137,Sutton 012A
E01004138,Sutton 013C
E01004139,Sutton 013D
E01004140,Sutton 012B
E01004141,Sutton 012C
E01004142,Sutton 012D
E01004143,Sutton 014A
E01004144,Sutton 007A
E01004145,Sutton 007B
E01004146,Sutton 007C
E01004147,Sutton 007D
E01004148,Sutton 014B
E01004149,Sutton 012E
E01004150,Sutton 021C
E01004151,Sutton 021D
E01004152,Sutton 018A
E01004153,Sutton 021E
E01004154,Sutton 022E
E01004155,Sutton 018B
E01004156,Sutton 018C
E01004157,Sutton 016E
E01004158,Sutton 018D
E01004159,Sutton 014C
E01004160,Sutton 014D
E01004161,Sutton 014E
E01004162,Sutton 018E
E01004163,Sutton 005B
E01004164,Sutton 004A
E01004165,Sutton 005C
E01004166,Sutton 004B
E01004167,Sutton 005D
E01004168,Sutton 013E
E01004169,Sutton 004C
E01004170,Sutton 017B
E01004171,Sutton 010A
E01004172,Sutton 010B
E01004173,Sutton 010C
E01004174,Sutton 017C
E01004175,Sutton 010D
E01004176,Sutton 010E
E01004177,Sutton 020C
E01004178,Sutton 017D
E01004179,Sutton 017E
E01004180,Sutton 020D
E01004181,Sutton 020E
E01004182,Sutton 019E
E01004183,Sutton 001B
E01004184,Sutton 001C
E01004185,Sutton 001D
E01004186,Sutton 004D
E01004187,Sutton 005E
E01004188,Sutton 004E
E01004189,Sutton 001E
E01004190,Sutton 008C
E01004191,Sutton 008D
E01004192,Sutton 006C
E01004193,Sutton 006D
E01004194,Sutton 008E
E01004195,Sutton 006E
E01004196,Sutton 008F
E01004197,Tower Hamlets 002A
E01004198,Tower Hamlets 002B
E01004199,Tower Hamlets 002C
E01004200,Tower Hamlets 005A
E01004201,Tower Hamlets 002D
E01004202,Tower Hamlets 005B
E01004203,Tower Hamlets 005C
E01004204,Tower Hamlets 005D
E01004205,Tower Hamlets 013A
E01004206,Tower Hamlets 013B
E01004207,Tower Hamlets 011A
E01004208,Tower Hamlets 013C
E01004209,Tower Hamlets 011B
E01004211,Tower Hamlets 013D
E01004212,Tower Hamlets 011D
E01004214,Tower Hamlets 030A
E01004215,Tower Hamlets 028A
E01004216,Tower Hamlets 030B
E01004217,Tower Hamlets 030C
E01004218,Tower Hamlets 030D
E01004219,Tower Hamlets 028B
E01004221,Tower Hamlets 028D
E01004222,Tower Hamlets 001A
E01004223,Tower Hamlets 001B
E01004224,Tower Hamlets 001C
E01004225,Tower Hamlets 004A
E01004226,Tower Hamlets 001D
E01004228,Tower Hamlets 003A
E01004229,Tower Hamlets 004C
E01004230,Tower Hamlets 003B
E01004231,Tower Hamlets 004D
E01004232,Tower Hamlets 003C
E01004233,Tower Hamlets 003D
E01004234,Tower Hamlets 003E
E01004235,Tower Hamlets 008A
E01004236,Tower Hamlets 008B
E01004237,Tower Hamlets 008C
E01004238,Tower Hamlets 008D
E01004239,Tower Hamlets 008E
E01004240,Tower Hamlets 012A
E01004241,Tower Hamlets 012B
E01004242,Tower Hamlets 012C
E01004243,Tower Hamlets 020A
E01004244,Tower Hamlets 020B
E01004245,Tower Hamlets 018A
E01004246,Tower Hamlets 018B
E01004247,Tower Hamlets 020C
E01004248,Tower Hamlets 018C
E01004249,Tower Hamlets 018D
E01004250,Tower Hamlets 020D
E01004251,Tower Hamlets 023A
E01004252,Tower Hamlets 024A
E01004253,Tower Hamlets 024B
E01004254,Tower Hamlets 023B
E01004255,Tower Hamlets 023C
E01004256,Tower Hamlets 024C
E01004257,Tower Hamlets 024D
E01004258,Tower Hamlets 023D
E01004259,Tower Hamlets 007A
E01004260,Tower Hamlets 007B
E01004261,Tower Hamlets 010A
E01004262,Tower Hamlets 010B
E01004263,Tower Hamlets 007C
E01004264,Tower Hamlets 010C
E01004266,Tower Hamlets 007D
E01004267,Tower Hamlets 012D
E01004268,Tower Hamlets 012E
E01004269,Tower Hamlets 014A
E01004270,Tower Hamlets 014B
E01004271,Tower Hamlets 014C
E01004272,Tower Hamlets 014D
E01004273,Tower Hamlets 014E
E01004274,Tower Hamlets 031A
E01004275,Tower Hamlets 031B
E01004276,Tower Hamlets 031C
E01004277,Tower Hamlets 033A
E01004280,Tower Hamlets 032A
E01004281,Tower Hamlets 031D
E01004283,Tower Hamlets 016A
E01004284,Tower Hamlets 019A
E01004285,Tower Hamlets 019B
E01004286,Tower Hamlets 019C
E01004287,Tower Hamlets 016B
E01004288,Tower Hamlets 019D
E01004289,Tower Hamlets 016C
E01004290,Tower Hamlets 016D
E01004291,Tower Hamlets 027A
E01004292,Tower Hamlets 026A
E01004293,Tower Hamlets 027B
E01004294,Tower Hamlets 026B
E01004295,Tower Hamlets 026C
E01004296,Tower Hamlets 026D
E01004297,Tower Hamlets 027C
E01004298,Tower Hamlets 022A
E01004300,Tower Hamlets 022B
E01004301,Tower Hamlets 025B
E01004302,Tower Hamlets 025C
E01004303,Tower Hamlets 025D
E01004304,Tower Hamlets 022C
E01004305,Tower Hamlets 022D
E01004306,Tower Hamlets 015A
E01004307,Tower Hamlets 015B
E01004308,Tower Hamlets 015C
E01004309,Tower Hamlets 015D
E01004310,Tower Hamlets 015E
E01004311,Tower Hamlets 006A
E01004312,Tower Hamlets 009A
E01004313,Tower Hamlets 009B
E01004314,Tower Hamlets 006B
E01004315,Tower Hamlets 006C
E01004316,Tower Hamlets 009C
E01004317,Tower Hamlets 009D
E01004318,Tower Hamlets 006D
E01004319,Tower Hamlets 021A
E01004321,Tower Hamlets 021C
E01004322,Tower Hamlets 017A
E01004323,Tower Hamlets 017B
E01004324,Tower Hamlets 017C
E01004325,Tower Hamlets 021D
E01004326,Tower Hamlets 017D
E01004327,Waltham Forest 028A
E01004328,Waltham Forest 028B
E01004329,Waltham Forest 028C
E01004330,Waltham Forest 028D
E01004331,Waltham Forest 028E
E01004332,Waltham Forest 028F
E01004333,Waltham Forest 024A
E01004334,Waltham Forest 024B
E01004335,Waltham Forest 027A
E01004336,Waltham Forest 026A
E01004337,Waltham Forest 027B
E01004338,Waltham Forest 027C
E01004339,Waltham Forest 027D
E01004340,Waltham Forest 027E
E01004341,Waltham Forest 027F
E01004342,Waltham Forest 011A
E01004343,Waltham Forest 008A
E01004344,Waltham Forest 008B
E01004345,Waltham Forest 010A
E01004346,Waltham Forest 011B
E01004347,Waltham Forest 011C
E01004348,Waltham Forest 010B
E01004349,Waltham Forest 001A
E01004350,Waltham Forest 001B
E01004351,Waltham Forest 001C
E01004352,Waltham Forest 002A
E01004353,Waltham Forest 002B
E01004354,Waltham Forest 002C
E01004355,Waltham Forest 004A
E01004356,Waltham Forest 001D
E01004357,Waltham Forest 001E
E01004358,Waltham Forest 002D
E01004359,Waltham Forest 002E
E01004360,Waltham Forest 004B
E01004361,Waltham Forest 005A
E01004362,Waltham Forest 021A
E01004363,Waltham Forest 019A
E01004364,Waltham Forest 019B
E01004365,Waltham Forest 020A
E01004366,Waltham Forest 019C
E01004367,Waltham Forest 019D
E01004368,Waltham Forest 019E
E01004369,Waltham Forest 023A
E01004370,Waltham Forest 023B
E01004371,Waltham Forest 025A
E01004372,Waltham Forest 023C
E01004373,Waltham Forest 025B
E01004374,Waltham Forest 025C
E01004375,Waltham Forest 025D
E01004376,Waltham Forest 025E
E01004377,Waltham Forest 010C
E01004378,Waltham Forest 010D
E01004379,Waltham Forest 007A
E01004380,Waltham Forest 007B
E01004381,Waltham Forest 007C
E01004382,Waltham Forest 008C
E01004383,Waltham Forest 007D
E01004384,Waltham Forest 003A
E01004385,Waltham Forest 003B
E01004386,Waltham Forest 003C
E01004387,Waltham Forest 007E
E01004388,Waltham Forest 007F
E01004389,Waltham Forest 003D
E01004390,Waltham Forest 003E
E01004391,Waltham Forest 014A
E01004392,Waltham Forest 017A
E01004393,Waltham Forest 014B
E01004394,Waltham Forest 017B
E01004395,Waltham Forest 018A
E01004396,Waltham Forest 012A
E01004397,Waltham Forest 017C
E01004398,Waltham Forest 009A
E01004399,Waltham Forest 009B
E01004400,Waltham Forest 009C
E01004401,Waltham Forest 014C
E01004402,Waltham Forest 009D
E01004403,Waltham Forest 009E
E01004404,Waltham Forest 014D
E01004405,Waltham Forest 020B
E01004406,Waltham Forest 016A
E01004407,Waltham Forest 013A
E01004408,Waltham Forest 016B
E01004409,Waltham Forest 016C
E01004410,Waltham Forest 013B
E01004411,Waltham Forest 016D
E01004412,Waltham Forest 015A
E01004413,Waltham Forest 004C
E01004414,Waltham Forest 005B
E01004415,Waltham Forest 004D
E01004416,Waltham Forest 004E
E01004417,Waltham Forest 005C
E01004418,Waltham Forest 008D
E01004419,Waltham Forest 008E
E01004420,Waltham Forest 020C
E01004421,Waltham Forest 018B
E01004422,Waltham Forest 022A
E01004423,Waltham Forest 020D
E01004424,Waltham Forest 022B
E01004425,Waltham Forest 022C
E01004426,Waltham Forest 022D
E01004427,Waltham Forest 022E
E01004428,Waltham Forest 026B
E01004429,Waltham Forest 026C
E01004430,Waltham Forest 026D
E01004432,Waltham Forest 023D
E01004434,Waltham Forest 026E
E01004435,Waltham Forest 023E
E01004436,Waltham Forest 021B
E01004437,Waltham Forest 021C
E01004438,Waltham Forest 024C
E01004439,Waltham Forest 021D
E01004440,Waltham Forest 024D
E01004441,Waltham Forest 024E
E01004442,Waltham Forest 021E
E01004443,Waltham Forest 016E
E01004444,Waltham Forest 017D
E01004445,Waltham Forest 018C
E01004446,Waltham Forest 017E
E01004447,Waltham Forest 016F
E01004448,Waltham Forest 018D
E01004449,Waltham Forest 018E
E01004450,Waltham Forest 006A
E01004451,Waltham Forest 005D
E01004452,Waltham Forest 005E
E01004453,Waltham Forest 006B
E01004454,Waltham Forest 006C
E01004455,Waltham Forest 006D
E01004456,Waltham Forest 006E
E01004457,Waltham Forest 012B
E01004458,Waltham Forest 012C
E01004459,Waltham Forest 012D
E01004460,Waltham Forest 011D
E01004461,Waltham Forest 014E
E01004462,Waltham Forest 011E
E01004463,Waltham Forest 012E
E01004464,Waltham Forest 013C
E01004465,Waltham Forest 015B
E01004466,Waltham Forest 015C
E01004467,Waltham Forest 015D
E01004468,Waltham Forest 015E
E01004469,Waltham Forest 013D
E01004470,Waltham Forest 013E
E01004471,Waltham Forest 013F
E01004472,Wandsworth 021A
E01004473,Wandsworth 026A
E01004474,Wandsworth 021B
E01004475,Wandsworth 026B
E01004476,Wandsworth 021C
E01004477,Wandsworth 017A
E01004478,Wandsworth 017B
E01004479,Wandsworth 017C
E01004480,Wandsworth 026C
E01004481,Wandsworth 029A
E01004482,Wandsworth 030A
E01004483,Wandsworth 026D
E01004484,Wandsworth 026E
E01004485,Wandsworth 030B
E01004486,Wandsworth 026F
E01004487,Wandsworth 030C
E01004488,Wandsworth 029B
E01004489,Wandsworth 030D
E01004490,Wandsworth 031A
E01004491,Wandsworth 031B
E01004492,Wandsworth 031C
E01004493,Wandsworth 019A
E01004494,Wandsworth 018A
E01004495,Wandsworth 024A
E01004496,Wandsworth 024B
E01004497,Wandsworth 024C
E01004498,Wandsworth 031D
E01004499,Wandsworth 020A
E01004500,Wandsworth 014A
E01004501,Wandsworth 014B
E01004502,Wandsworth 020B
E01004503,Wandsworth 014C
E01004504,Wandsworth 020C
E01004505,Wandsworth 014D
E01004506,Wandsworth 011A
E01004507,Wandsworth 014E
E01004508,Wandsworth 012A
E01004509,Wandsworth 010A
E01004510,Wandsworth 012B
E01004511,Wandsworth 010B
E01004512,Wandsworth 019B
E01004513,Wandsworth 018B
E01004514,Wandsworth 012C
E01004515,Wandsworth 012D
E01004516,Wandsworth 036A
E01004517,Wandsworth 037A
E01004518,Wandsworth 036B
E01004519,Wandsworth 036C
E01004520,Wandsworth 036D
E01004521,Wandsworth 037B
E01004522,Wandsworth 037C
E01004523,Wandsworth 036E
E01004524,Wandsworth 037D
E01004525,Wandsworth 035A
E01004526,Wandsworth 035B
E01004527,Wandsworth 035C
E01004528,Wandsworth 035D
E01004529,Wandsworth 035E
E01004530,Wandsworth 035F
E01004531,Wandsworth 033A
E01004532,Wandsworth 032A
E01004533,Wandsworth 033B
E01004534,Wandsworth 008A
E01004535,Wandsworth 007A
E01004536,Wandsworth 008B
E01004537,Wandsworth 007B
E01004538,Wandsworth 007C
E01004539,Wandsworth 003A
E01004540,Wandsworth 003B
E01004541,Wandsworth 007D
E01004542,Wandsworth 021D
E01004543,Wandsworth 027A
E01004544,Wandsworth 021E
E01004545,Wandsworth 027B
E01004546,Wandsworth 027C
E01004547,Wandsworth 029C
E01004548,Wandsworth 029D
E01004549,Wandsworth 027D
E01004550,Wandsworth 017D
E01004551,Wandsworth 012E
E01004552,Wandsworth 008C
E01004553,Wandsworth 015A
E01004554,Wandsworth 009A
E01004555,Wandsworth 017E
E01004556,Wandsworth 009B
E01004557,Wandsworth 015B
E01004558,Wandsworth 015C
E01004559,Wandsworth 015D
E01004560,Wandsworth 001A
E01004562,Wandsworth 002B
E01004563,Wandsworth 002C
E01004564,Wandsworth 002D
E01004565,Wandsworth 005A
E01004566,Wandsworth 001B
E01004567,Wandsworth 002E
E01004568,Wandsworth 013A
E01004569,Wandsworth 023A
E01004570,Wandsworth 023B
E01004571,Wandsworth 023C
E01004572,Wandsworth 016A
E01004573,Wandsworth 023D
E01004574,Wandsworth 013B
E01004575,Wandsworth 013C
E01004576,Wandsworth 013D
E01004577,Wandsworth 003C
E01004579,Wandsworth 004B
E01004580,Wandsworth 004C
E01004581,Wandsworth 004D
E01004582,Wandsworth 001C
E01004583,Wandsworth 001D
E01004584,Wandsworth 003D
E01004585,Wandsworth 008D
E01004586,Wandsworth 009C
E01004587,Wandsworth 009D
E01004588,Wandsworth 008E
E01004589,Wandsworth 009E
E01004590,Wandsworth 005B
E01004591,Wandsworth 005C
E01004592,Wandsworth 005D
E01004593,Wandsworth 025A
E01004594,Wandsworth 020D
E01004595,Wandsworth 025B
E01004596,Wandsworth 020E
E01004597,Wandsworth 025C
E01004598,Wandsworth 025D
E01004599,Wandsworth 025E
E01004600,Wandsworth 018C
E01004601,Wandsworth 018D
E01004602,Wandsworth 010C
E01004604,Wandsworth 006A
E01004605,Wandsworth 006B
E01004606,Wandsworth 006C
E01004607,Wandsworth 006D
E01004608,Wandsworth 006E
E01004609,Wandsworth 010E
E01004610,Wandsworth 033C
E01004611,Wandsworth 032B
E01004612,Wandsworth 032C
E01004613,Wandsworth 033D
E01004614,Wandsworth 034A
E01004615,Wandsworth 034B
E01004616,Wandsworth 034C
E01004617,Wandsworth 034D
E01004618,Wandsworth 032D
E01004619,Wandsworth 015E
E01004620,Wandsworth 019C
E01004621,Wandsworth 019D
E01004622,Wandsworth 024D
E01004623,Wandsworth 019E
E01004624,Wandsworth 024E
E01004625,Wandsworth 027E
E01004626,Wandsworth 027F
E01004627,Wandsworth 019F
E01004628,Wandsworth 022A
E01004629,Wandsworth 020F
E01004630,Wandsworth 022B
E01004631,Wandsworth 022C
E01004632,Wandsworth 028A
E01004633,Wandsworth 022D
E01004634,Wandsworth 028B
E01004635,Wandsworth 028C
E01004636,Wandsworth 028D
E01004637,Wandsworth 028E
E01004638,Wandsworth 011B
E01004639,Wandsworth 011C
E01004640,Wandsworth 011D
E01004641,Wandsworth 011E
E01004642,Wandsworth 016B
E01004643,Wandsworth 016C
E01004644,Wandsworth 016D
E01004645,Wandsworth 016E
E01004646,Westminster 002A
E01004647,Westminster 001A
E01004648,Westminster 002B
E01004649,Westminster 001B
E01004650,Westminster 002C
E01004651,Westminster 003A
E01004652,Westminster 017A
E01004653,Westminster 014A
E01004654,Westminster 014B
E01004656,Westminster 014D
E01004657,Westminster 012A
E01004658,Westminster 012B
E01004659,Westminster 008A
E01004660,Westminster 008B
E01004661,Westminster 012C
E01004662,Westminster 012D
E01004663,Westminster 012E
E01004665,Westminster 024A
E01004666,Westminster 023B
E01004667,Westminster 023C
E01004668,Westminster 023D
E01004669,Westminster 024B
E01004670,Westminster 009A
E01004674,Westminster 005A
E01004675,Westminster 005B
E01004676,Westminster 006A
E01004677,Westminster 005C
E01004678,Westminster 005D
E01004679,Westminster 005E
E01004680,Westminster 015A
E01004681,Westminster 016A
E01004682,Westminster 016B
E01004683,Westminster 015B
E01004684,Westminster 015C
E01004686,Westminster 015E
E01004687,Westminster 019A
E01004688,Westminster 019B
E01004689,Westminster 019C
E01004690,Westminster 019D
E01004691,Westminster 019E
E01004692,Westminster 019F
E01004693,Westminster 017B
E01004694,Westminster 016C
E01004695,Westminster 017C
E01004696,Westminster 017D
E01004697,Westminster 016D
E01004698,Westminster 017E
E01004699,Westminster 017F
E01004700,Westminster 016E
E01004701,Westminster 007A
E01004702,Westminster 009E
E01004703,Westminster 007B
E01004705,Westminster 007D
E01004706,Westminster 006B
E01004707,Westminster 006C
E01004708,Westminster 006D
E01004709,Westminster 007E
E01004710,Westminster 002D
E01004711,Westminster 002E
E01004712,Westminster 008C
E01004713,Westminster 011A
E01004714,Westminster 011B
E01004715,Westminster 013A
E01004716,Westminster 011C
E01004717,Westminster 011D
E01004718,Westminster 004A
E01004719,Westminster 004B
E01004720,Westminster 004C
E01004721,Westminster 004D
E01004722,Westminster 004E
E01004723,Westminster 005F
E01004724,Westminster 001C
E01004725,Westminster 003B
E01004726,Westminster 003C
E01004727,Westminster 008D
E01004728,Westminster 003D
E01004729,Westminster 003E
E01004730,Westminster 001D
E01004731,Westminster 020A
E01004732,Westminster 020B
E01004733,Westminster 020C
E01004734,Westminster 018A
E01004735,Westminster 018B
E01004736,Westminster 018C
E01004737,Westminster 024C
E01004738,Westminster 024D
E01004739,Westminster 024E
E01004740,Westminster 021A
E01004741,Westminster 024F
E01004742,Westminster 022A
E01004743,Westminster 021B
E01004744,Westminster 020D
E01004745,Westminster 021C
E01004746,Westminster 021D
E01004747,Westminster 021E
E01004748,Westminster 020E
E01004749,Westminster 022B
E01004750,Westminster 023E
E01004751,Westminster 022C
E01004752,Westminster 022D
E01004753,Westminster 022E
E01004754,Westminster 010A
E01004755,Westminster 010B
E01004756,Westminster 006E
E01004757,Westminster 010C
E01004760,Westminster 014E
E01004761,Westminster 018D
E01004762,Westminster 011E
E01004763,Westminster 013B
E01004765,Westminster 013D
E01032512,Westminster 010F
E01032513,Westminster 010G
E01032562,Bromley 040D
E01032563,Bromley 040E
E01032564,Lewisham 037E
E01032565,Lewisham 038E
E01032566,Bexley 029D
E01032567,Greenwich 033D
E01032568,Bromley 041E
E01032569,Croydon 045E
E01032570,Bromley 042D
E01032572,Ealing 040D
E01032573,Hounslow 029E
E01032574,Enfield 037E
E01032575,Haringey 037D
E01032576,Harrow 032E
E01032577,Hillingdon 033E
E01032579,Lewisham 039E
E01032580,Barking and Dagenham 023F
E01032581,Redbridge 034G
E01032582,Lambeth 036E
E01032583,Southwark 034D
E01032584,Southwark 034E
E01032623,Sutton 025E
E01032637,Southwark 003F
E01032638,Southwark 003G
E01032639,Southwark 014F
E01032640,Southwark 003H
E01032646,Southwark 003I
E01032719,Southwark 014G
E01032720,Southwark 009F
E01032722,Southwark 012F
E01032739,City of London 001F
E01032740,City of London 001G
E01032741,Havering 013E
E01032742,Havering 013F
E01032743,Ealing 010F
E01032744,Ealing 010G
E01032764,Tower Hamlets 004E
E01032765,Tower Hamlets 004F
E01032766,Tower Hamlets 021E
E01032767,Tower Hamlets 021F
E01032768,Tower Hamlets 025E
E01032769,Tower Hamlets 025F
E01032770,Tower Hamlets 032B
E01032771,Tower Hamlets 033B
E01032772,Tower Hamlets 032C
E01032773,Tower Hamlets 032D
E01032774,Tower Hamlets 032E
E01032775,Tower Hamlets 031F
E01032776,Tower Hamlets 028E
E01032777,Tower Hamlets 028F
E01032778,Tower Hamlets 028G
E01032779,Tower Hamlets 028H
E01032780,Tower Hamlets 028I
E01032781,Tower Hamlets 033C
E01032782,Tower Hamlets 033D
E01032783,Tower Hamlets 031G
E01032784,Tower Hamlets 004G
E01032785,Tower Hamlets 010E
E01032786,Tower Hamlets 010F
E01032787,Tower Hamlets 011F
E01032788,Hammersmith and Fulham 023D
E01032789,Hammersmith and Fulham 023E
E01032790,Hammersmith and Fulham 023F
E01032803,Southwark 003J
E01032805,Southwark 022F
E01032834,Southwark 003K
E01033000,Hounslow 025F
E01033030,Hounslow 025G
E01033081,Hounslow 003F
E01033082,Hounslow 003G
E01033083,Hounslow 018F
E01033084,Hounslow 018G
E01033085,Haringey 020E
E01033086,Haringey 020F
E01033093,Wandsworth 010F
E01033098,Wandsworth 002F
E01033099,Wandsworth 004E
E01033100,Wandsworth 002G
E01033101,Wandsworth 004F
E01033132,Wandsworth 002H
E01033133,Wandsworth 004G
E01033135,Wandsworth 010G
E01033146,Enfield 025F
E01033148,Enfield 003F
E01033150,Enfield 003G
E01033151,Enfield 025G
E01033153,Waltham Forest 020G
E01033207,Lambeth 004F
E01033208,Lambeth 004G
E01033320,Lewisham 017E
E01033322,Lewisham 017F
E01033324,Lewisham 008E
E01033325,Lewisham 008F
E01033327,Lewisham 012F
E01033341,Lewisham 012G
E01033424,Brent 017F
E01033455,Brent 031G
E01033456,Brent 027F
E01033457,Brent 017G
E01033463,Brent 003G
E01033464,Brent 010F
E01033485,Brent 031H
E01033486,Islington 011E
E01033487,Islington 011F
E01033488,Islington 011G
E01033489,Islington 022G
E01033490,Islington 022H
E01033491,Islington 011H
E01033492,Islington 011I
E01033493,Islington 006F
E01033494,Islington 006G
E01033568,Kingston upon Thames 004F
E01033569,Kingston upon Thames 004G
E01033570,Richmond upon Thames 004G
E01033571,Richmond upon Thames 004H
E01033572,Barnet 030E
E01033573,Barnet 030F
E01033574,Newham 034F
E01033575,Newham 034G
E01033576,Newham 034H
E01033577,Newham 037E
E01033578,Newham 013E
E01033579,Newham 013F
E01033580,Newham 037F
E01033581,Newham 037G
E01033582,Newham 037H
E01033583,Newham 013G
E01033584,Newham 034I
E01033585,Newham 034J
E01033586,Newham 013H
E01033587,Barking and Dagenham 021E
E01033588,Barking and Dagenham 021F
E01033589,Redbridge 030H
E01033590,Redbridge 019H
E01033591,Redbridge 030I
E01033592,Redbridge 019I
E01033593,Westminster 015F
E01033594,Westminster 015G
E01033595,Westminster 013E
E01033596,Westminster 013F
E01033597,Westminster 023F
E01033598,Westminster 009F
E01033599,Westminster 023G
E01033600,Westminster 007F
E01033601,Westminster 009G
E01033602,Westminster 009H
E01033603,Westminster 009I
E01033604,Westminster 009J
E01033605,Westminster 009K
E01033606,Westminster 014F
E01033607,Westminster 014G
E01033608,Westminster 007G
E01033698,Hackney 021F
E01033699,Hackney 021G
E01033700,Hackney 021H
E01033701,Hackney 002F
E01033702,Hackney 028C
E01033703,Hackney 010F
E01033704,Hackney 023F
E01033705,Hackney 028D
E01033706,Hackney 027F
E01033707,Hackney 021I
E01033708,Hackney 027G
E01033709,Hackney 027H
E01033710,Hackney 028E
E01033711,Hackney 027I
E01033712,Hackney 023G
E01033713,Hackney 010G
E01033724,Hillingdon 016F
E01033725,Hillingdon 015F
E01033726,Greenwich 034E
E01033727,Greenwich 035B
E01033728,Greenwich 035C
E01033729,Greenwich 030E
E01033730,Greenwich 035D
E01033731,Greenwich 004E
E01033732,Greenwich 036D
E01033733,Greenwich 036E
E01033734,Greenwich 004F
E01033735,Greenwich 004G
E01033736,Greenwich 004H
E01033737,Greenwich 004I
E01033738,Greenwich 037D
E01033739,Greenwich 002E
E01033740,Greenwich 002F
E01033741,Greenwich 002G
E01033742,Greenwich 007F
E01033743,Greenwich 002H
E01033744,Greenwich 007G
E01033745,Greenwich 002I
E01033746,Greenwich 038E
